ID	Texts	Labels
8133	There is something wrong with your mind . Nobody cares about this rubbish . http	[0, 0, 0, 1, 0, 0, 0, 0, 0, 0, 0, 0, 1, 0, 0]
7689	Okay , if you are a male janitor and you are cleaning the womens restroom put a freaking sign up or something out so I dont freak out when I walk in and theres some old creepy dude cleaning one of the stalls	[1, 0, 0, 0, 0, 0, 0, 1, 0, 0, 0, 0, 0, 0, 0, 0, 0, 0, 0, 0, 0, 0, 0, 0, 0, 0, 0, 0, 0, 0, 0, 0, 0, 0, 0, 0, 0, 0, 1, 0, 0, 0, 0]
6952	Massive riots in Iran . Its like they heard that Boris Johnson had just paid them a visit and they are angry that such a clown would be allowed there .	[0, 1, 0, 0, 0, 1, 0, 0, 0, 0, 0, 0, 0, 0, 0, 0, 0, 0, 0, 0, 0, 0, 0, 0, 0, 0, 0, 0, 0, 0, 0]
6716	@user Good for you . Perhaps you can find the polar data on cosmic ray counts then ?	[0, 1, 0, 0, 0, 0, 0, 0, 0, 0, 0, 0, 0, 0, 0, 0, 0, 0]
10586	Lush sale and @user was a doll and got me some stuff to pamper myself with 😍 # lush # spoilyourself http	[0, 0, 0, 0, 0, 0, 1, 0, 0, 0, 0, 0, 0, 0, 0, 0, 1, 0, 0, 0, 1, 0]
9534	UMK3 . It was a revolutionary game . A game that is STILL great today . UMK3 is also the foundation for the current competitive NRS community . Without UMK3 and the efforts to keep the game and community alive , the NRS scene would be MUCH further behind today . http	[0, 0, 0, 0, 0, 0, 0, 0, 0, 0, 0, 0, 0, 0, 0, 0, 0, 0, 0, 0, 0, 0, 0, 0, 0, 0, 0, 0, 0, 0, 1, 0, 0, 0, 1, 0, 0, 0, 0, 0, 0, 0, 0, 0, 0, 0, 0, 0, 0, 0, 0, 0]
9931	Why is it that I always clean when I’m mad ?	[1, 0, 0, 0, 0, 0, 1, 1, 0, 0, 0]
8049	@user That sounds about right : ( sorry you went through that . I hope your team was able to find the support during that time !	[0, 0, 0, 1, 1, 0, 0, 1, 0, 0, 0, 0, 0, 0, 0, 0, 0, 0, 0, 0, 0, 0, 1, 0, 0, 0, 0]
12225	@user Donald , your in laws are part of Chain Migration and you have NO clue how the Lottery System of Immigration works , do you ? No , you dont .	[0, 0, 0, 0, 0, 0, 0, 0, 0, 1, 0, 0, 0, 0, 0, 0, 0, 0, 0, 0, 0, 0, 0, 0, 0, 0, 0, 0, 0, 0, 0, 0]
7704	@user I’m wearing my # Where’sEdd shirt today . Wherever you are , I wish you a happy New Year filled with all good things .	[0, 0, 0, 0, 0, 0, 0, 0, 0, 0, 0, 0, 0, 0, 1, 1, 0, 0, 0, 0, 0, 0, 0, 0, 0, 0]
10460	@user Thats awesome , Jereka ! 😊 Have you tried any vegan meat substitutes ? We like @user & @user That might make it easier for you ! http is a great place to start . It has veg recipes , info , & starter kits and guides ! 👍 🌱	[0, 0, 1, 0, 0, 0, 0, 0, 0, 0, 0, 0, 0, 0, 0, 0, 0, 0, 0, 0, 0, 0, 0, 0, 0, 0, 0, 0, 0, 0, 0, 0, 0, 0, 0, 0, 0, 0, 0, 0, 0, 0, 0, 0, 0, 0, 0, 0, 0, 1, 0]
12716	@user You know I dont drink love . . . but save the empty bottle for me ; )	[1, 0, 0, 0, 0, 0, 0, 0, 0, 0, 0, 0, 0, 0, 0, 0, 0, 0, 0]
12080	@user President Trump is amazing with foreign leaders and policies .	[1, 0, 1, 0, 1, 1, 0, 0, 0, 0, 0]
11789	@user The only drunk is Dree ! Dree is still & always will be trash ! Always Talking shit an Cant EVER back any of it up ! Noone belives your dumb ass ! Let alone cares about it ! LOL ! Just go tf away ! You were quiet for a bit then you started to flex cause what , China ? Gtfoh ! Hahaha !	[1, 0, 0, 0, 0, 0, 0, 0, 0, 0, 0, 0, 0, 0, 0, 0, 0, 0, 0, 0, 0, 0, 0, 0, 0, 0, 0, 0, 0, 0, 0, 0, 0, 0, 0, 0, 0, 0, 0, 0, 0, 0, 0, 0, 0, 0, 0, 0, 0, 0, 0, 0, 0, 0, 0, 0, 0, 0, 0, 0, 0, 0, 1, 1, 0, 0, 0]
9089	At a Wedding of two Gay men , the pastor couldnt find the right word to pronounce to the couple , as he felt calling them Husband and Wife was wrong since they were both males . After a long time of thinking he finally said : I hereby declare you * Man United * 😂 😅	[1, 0, 0, 0, 0, 0, 0, 0, 0, 0, 0, 0, 0, 0, 0, 0, 0, 0, 0, 0, 0, 0, 0, 0, 0, 0, 0, 0, 1, 0, 0, 0, 0, 0, 0, 0, 0, 0, 0, 0, 0, 0, 0, 0, 0, 0, 0, 0, 0, 0, 0, 0, 0, 0, 0, 0, 0]
12499	I always binge watch # Star when the season is over . I can ’ t wait a whole week to find out what happens next . # lovethisshow	[0, 0, 0, 0, 0, 0, 0, 0, 0, 1, 0, 0, 0, 0, 0, 0, 0, 0, 0, 0, 0, 0, 0, 0, 0, 1, 0, 0, 1]
10403	@user Ehh you are entitled to your own opinion . But at least we don’t make accounts on a social media site with no pictures of ourselves . Probably just saving yourself from embarrassment	[0, 0, 0, 0, 0, 0, 0, 0, 0, 0, 0, 0, 0, 0, 0, 0, 1, 0, 0, 0, 0, 0, 0, 0, 0, 0, 0, 0, 0, 0, 0, 0, 0, 0]
10957	Bottom line , HRCs unauthorized leaks put your lives , and your family’s lives , agent / asset lives in danger . / / / /	[0, 0, 0, 0, 1, 0, 1, 0, 0, 0, 0, 0, 0, 0, 0, 0, 0, 0, 0, 0, 1, 0, 0, 0, 0, 0]
11718	Dear Readers , Im super happy that youre loving Wildrose , and thereby , loving on the Four Point Trilogy as . . . http	[0, 1, 0, 0, 0, 0, 0, 0, 0, 0, 0, 0, 0, 0, 0, 0, 0, 0, 0, 0, 0, 0, 0, 0, 0]
8850	@user I truly don’t understand why keeps making such demonstrably wrong statements . It suggests he is an outright liar or is totally delusional . In either case it only further damages his reputation and the confidence we have in whatever he says or does .	[0, 0, 0, 0, 0, 0, 0, 0, 0, 0, 0, 1, 0, 0, 0, 0, 0, 0, 0, 0, 0, 0, 0, 0, 0, 0, 0, 0, 0, 0, 0, 0, 0, 0, 0, 0, 0, 0, 0, 0, 0, 0, 0, 0, 0, 0]
11961	Going into 2018 with my bills at a ZERO balance except for my car 😭	[0, 0, 0, 0, 0, 0, 0, 0, 1, 0, 0, 0, 0, 0, 1]
11320	@user Thank you so much < 3 means a lot	[0, 0, 0, 0, 0, 1, 0, 0, 0, 1]
8118	To do in 2018 . . . slow down and share my passions . Letting this guy hike more and more on his own two feet has . . . http	[0, 0, 0, 0, 0, 0, 0, 0, 0, 0, 0, 0, 1, 0, 0, 0, 0, 0, 0, 0, 0, 0, 0, 0, 0, 0, 0, 0, 0, 0, 0]
7120	The days before the new year are a weird time for me . .	[1, 0, 0, 0, 0, 0, 1, 0, 1, 0, 0, 0, 0, 0]
8550	@user I didnt hear the whistle either but it was deafening in there at the time . Either way , this officiating crew had a poor game . It would have been really bad if BC had scored on their second chance .	[0, 0, 0, 0, 0, 0, 0, 0, 0, 0, 0, 0, 0, 0, 0, 0, 0, 0, 0, 0, 0, 0, 0, 0, 0, 0, 0, 0, 0, 0, 0, 1, 0, 1, 1, 0, 0, 0, 0, 0, 0, 0, 0]
7896	# LazyPundits need to avoid the following : 1 ) Trump chaos 2 ) Stop saying Trump must stop using Twitter . 3 ) Burn the playbook . It doesnt apply to Trump . Otherwise , youre just handicapped talking hot air as one of the many # LazyPundits . You need a sticker .	[0, 1, 0, 0, 0, 0, 0, 0, 0, 0, 0, 0, 0, 0, 0, 0, 0, 0, 0, 0, 0, 0, 0, 0, 0, 0, 1, 0, 0, 0, 0, 0, 0, 0, 0, 0, 0, 0, 0, 0, 0, 0, 0, 0, 0, 0, 0, 0, 0, 0, 0, 0, 0, 0, 0]
7561	Yea I’m not getting my shit done again until my bday ! ! http	[0, 0, 0, 0, 0, 1, 0, 0, 0, 0, 1, 0, 0, 0]
8929	@user ah fek how smh anyways boi take care 💕 I’m gonna sleep so I can get up and apply to universities across the world and get rejected by them : ) )	[0, 0, 0, 0, 0, 0, 0, 0, 0, 1, 0, 0, 1, 0, 0, 0, 0, 0, 0, 0, 0, 0, 0, 1, 0, 0, 0, 0, 0, 0, 0, 0, 0]
7714	I’m glad I saw a tweet about it not giving notifs bc it sure didn’t give me one ! ! ! I don’t make lists but ty and ily 😍 😍 😍 http	[0, 0, 0, 0, 0, 0, 0, 0, 0, 0, 0, 0, 0, 0, 0, 0, 0, 0, 0, 0, 0, 0, 0, 0, 0, 0, 0, 0, 0, 1, 1, 0, 0]
10387	@user Ive never heard of you until last night . I saw a video online about how your manager says no more face tats . . . Anyhow , you inspired me , and Im already a successful girl in the industry . Keep it up ! 🖤 🎧	[0, 0, 0, 0, 0, 0, 0, 0, 0, 0, 0, 0, 0, 0, 0, 0, 0, 0, 0, 0, 0, 0, 0, 1, 0, 0, 0, 0, 0, 0, 0, 0, 0, 0, 0, 0, 0, 1, 1, 0, 0, 0, 0, 1, 0, 0, 0, 0, 0]
8709	ok but this line is lyrically genius like ? ? ? i appreciate it so much it was so clever and it really fit considering what grantaire had said literally seconds before http	[0, 0, 0, 0, 0, 0, 1, 0, 0, 0, 0, 0, 0, 0, 0, 1, 0, 1, 0, 0, 0, 0, 0, 0, 1, 0, 0, 0, 0, 0, 1, 0, 0]
6616	I feel sorry for women sometimes , so much goes into their preparation for going out	[0, 0, 0, 0, 0, 1, 0, 0, 0, 1, 0, 1, 0, 0, 1, 0]
7716	@user I refuse to believe the Patriot is gone . His mind merely uploaded itself onto the internet and will become the new JARVIS for SHIELD . I know a great voice actor for the part !	[0, 1, 0, 0, 0, 0, 0, 0, 0, 0, 0, 0, 0, 0, 0, 0, 0, 0, 0, 0, 0, 0, 0, 1, 0, 1, 0, 0, 0, 0, 0, 0, 1, 0, 0, 0, 0]
12532	@user Going to be interesting to see who out coaches who . Both came from great successors . I think UGA wins on talent alone . Recruiting more elite players will be the advantage , not coaching .	[0, 0, 0, 0, 0, 0, 1, 0, 0, 0, 0, 0, 0, 0, 0, 0, 0, 0, 0, 0, 0, 1, 0, 1, 0, 0, 1, 0, 0, 0, 0, 0, 0, 0, 0, 0, 0, 0]
10556	@user Sadly none of the Protests matter , as the West will not support a regime change its not the right time for it . . . looking at the present Iranian Leaderships role in the Middle East Crisis . I say this while abhorring Iranian Leadership since 1979 . Timing is everything .	[0, 1, 0, 0, 0, 0, 0, 0, 0, 0, 0, 0, 0, 0, 0, 0, 0, 0, 0, 0, 0, 0, 0, 0, 0, 0, 0, 0, 0, 0, 0, 0, 0, 0, 0, 0, 0, 0, 0, 0, 0, 0, 0, 0, 0, 0, 0, 0, 0, 0, 0, 0, 0, 0]
10388	@user , one soft infested summer me and terry became friends , trying in vain to breathe the fire we was born in , backstreets ❤ ❤️ ❤️ http	[0, 0, 0, 0, 0, 0, 0, 1, 0, 0, 0, 1, 0, 0, 0, 0, 0, 0, 0, 0, 0, 0, 0, 0, 0, 0, 1, 0, 0]
6792	In love with my nephew he is so cute best present ever http	[0, 1, 1, 0, 0, 0, 0, 0, 0, 1, 0, 0, 0]
11477	Niggas a get a fresh cut just so at shit can go back bad the next 2 days 😂 😭 LIL UGLYS	[0, 0, 0, 0, 0, 0, 1, 0, 0, 1, 0, 1, 0, 0, 0, 0, 0, 0, 1, 0, 0, 0]
7889	@user you’re on your way bud 😘	[0, 1, 1, 1, 0, 0, 1]
12175	@user Happy new year ! Everyone seems to be filled with love 💖 🎉 🕊 http	[1, 1, 0, 0, 0, 0, 0, 0, 0, 0, 0, 0, 1, 0, 0, 0]
8283	its amazing to me how bored harry is during his classes at hogwarts . like oh sorry do you have something more interesting to do than watch professor sprout pot this crying baby plant ? ? ? ?	[0, 0, 0, 0, 0, 0, 0, 0, 1, 1, 0, 0, 0, 0, 0, 0, 0, 0, 0, 0, 0, 0, 0, 0, 0, 0, 1, 0, 0, 0, 0, 0, 0, 0, 0, 0, 0, 0]
10413	@user Why are you not reporting on events in Iran ? Oh because it does not fit your political agenda of hatred toward Trump , conservatives & Christians . You are fools !	[0, 0, 0, 0, 0, 0, 0, 0, 1, 0, 0, 0, 0, 0, 0, 0, 0, 0, 0, 0, 0, 0, 0, 0, 1, 0, 0, 0, 1, 0, 0, 0, 0]
10747	@user Come back ! We need you !	[0, 0, 0, 0, 0, 1, 1, 0]
9410	I think it should be mandatory that all girls by age 15 watch 9 to 5 , the Dolly Parton movie from 1980 about women & sexual harassment in the work place . If any of you ladies haven’t seen it , watch it ! It’s hilarious & right on .	[0, 0, 0, 0, 0, 0, 0, 1, 0, 0, 0, 0, 0, 0, 0, 0, 0, 0, 0, 0, 0, 0, 0, 0, 0, 0, 0, 0, 0, 0, 0, 0, 0, 0, 0, 0, 0, 0, 0, 0, 0, 0, 0, 0, 0, 0, 0, 0, 0, 0, 0]
9244	Top story : GRIZZLE on Twitter : More winning by . @user as . @user http see more http	[0, 1, 1, 0, 0, 0, 0, 0, 0, 0, 0, 0, 0, 1, 0, 0, 0, 0, 0]
12830	We need to drain that swamp !	[0, 1, 0, 1, 0, 1, 0]
9569	I esp enjoyed when @user made a total jackass of himself on @user a couple years ago . . Yecch . . hes so NOT an actual human being . . these non - humans like luntz , trump value themselves on the $ they have . . no one likes them http	[0, 0, 1, 0, 0, 0, 0, 0, 1, 0, 0, 0, 0, 0, 0, 0, 0, 0, 0, 0, 0, 0, 0, 0, 0, 0, 0, 0, 0, 0, 0, 0, 0, 0, 0, 0, 0, 0, 0, 0, 0, 0, 0, 0, 0, 0, 0, 0, 0, 0, 0, 0, 0]
6781	@user I saw yesterday . Nor Schatz isn’t pure enough . It’s ridiculous .	[0, 0, 0, 0, 0, 1, 0, 0, 0, 0, 0, 1, 0, 1]
9106	@user That’s so sad to me . A program that has won FOUR national championships in less than 20 seasons ? Former HOF coach , recognizable NBA players ? Fans in CT are so fair - weather this will die out so fast unless changes are made .	[1, 0, 0, 1, 0, 0, 0, 0, 0, 0, 0, 0, 0, 0, 0, 0, 0, 0, 0, 0, 0, 0, 0, 0, 0, 0, 1, 0, 0, 0, 0, 0, 0, 0, 0, 0, 0, 0, 0, 0, 0, 0, 0, 0, 0, 0, 0, 0]
8071	@user At 1 : 05 you can clearly hear one child say Its a gun . Dont mess with it . Obviously the other child didnt pay attention or is just plain stupid Kids can be taught Your own video proves it # gunsense # guncontrol # nra # 2a	[0, 0, 0, 1, 0, 0, 0, 0, 0, 0, 0, 0, 0, 0, 0, 0, 0, 0, 0, 0, 0, 0, 0, 0, 0, 0, 0, 0, 0, 0, 0, 0, 1, 0, 0, 0, 0, 0, 0, 0, 0, 0, 0, 0, 0, 0, 0, 0, 0, 0]
8097	@user Watch episode 4 first , watch 2 & 3 with caution !	[0, 0, 0, 0, 0, 0, 0, 0, 0, 1, 0, 1, 0]
11964	@user Move along . Nothing to see here . Go back to tweeting on the loosing side of the isle . Thus side is filled with winners and # MAGA folks . What I find so intriguing is how many of the Liberal Folk can’t help but troll on # Conservative sites spreading anger and negativity . # Trump .	[1, 1, 0, 0, 0, 0, 1, 0, 0, 0, 0, 0, 0, 0, 0, 0, 0, 0, 0, 0, 0, 0, 0, 0, 0, 0, 0, 0, 0, 0, 0, 0, 0, 0, 0, 0, 0, 0, 0, 0, 0, 0, 0, 0, 0, 0, 0, 0, 0, 0, 0, 0, 0, 0, 0, 0, 0, 0, 0, 0]
8593	@user Hmm that’s so strange . Are you using android ? I have both season 1s on my mobile app . http	[0, 0, 0, 0, 1, 0, 0, 0, 0, 0, 0, 0, 1, 0, 0, 0, 0, 0, 0, 0, 0, 0]
8829	@user Tbh I dont think he would have developed to be as good if he was with spurs . Needed time and love somewhere else to grow into the player he is today .	[0, 0, 0, 0, 0, 0, 0, 0, 0, 0, 0, 0, 0, 0, 0, 0, 0, 0, 0, 1, 0, 1, 1, 0, 0, 0, 1, 0, 0, 0, 0, 0, 0, 0]
11372	@user Maybe they want the Japanese model , the Hungarian model or even the Russian model . Maybe they should be left alone to decide for themselves .	[0, 0, 0, 0, 0, 0, 0, 0, 0, 0, 0, 0, 0, 0, 1, 0, 0, 0, 0, 0, 0, 0, 0, 0, 0, 0, 0, 0]
6609	@user what u on , revolver is like bottom of list of favourite beatles albums x	[0, 0, 1, 0, 1, 0, 0, 0, 0, 0, 0, 0, 1, 0, 1, 0]
12551	Monopoly night with the boys was never gonna end well . Although the table did remain upright throughout which is always a bonus	[0, 1, 0, 0, 0, 0, 0, 0, 0, 1, 0, 0, 0, 1, 0, 0, 0, 0, 0, 0, 0, 0, 0]
12022	@user Have you spoken to your doctor about this problem you have with poor cognition and inappropriate laughter ? It can be a sign of serious brain disease .	[0, 0, 0, 0, 0, 0, 1, 0, 0, 0, 0, 0, 0, 0, 0, 0, 0, 0, 0, 0, 0, 0, 0, 0, 0, 0, 0, 0, 0]
10855	Khorne cares not from whence the blood flows . . bleed for your hobby lol http	[1, 0, 0, 0, 0, 0, 0, 1, 0, 1, 0, 0, 0, 0, 1, 0]
7782	I said last night would be my last time seeing Above & Beyond ever again , but damn that extended set is making me second guess that decision 🤔	[0, 0, 0, 0, 0, 0, 0, 0, 0, 0, 0, 0, 0, 0, 0, 0, 0, 1, 0, 0, 0, 0, 0, 0, 1, 0, 0, 1, 1]
8560	@user There are many terrible parts of that taxscam bill that have yet to be revealed . Just wait and see . . .	[0, 0, 0, 0, 0, 0, 0, 0, 1, 0, 0, 0, 0, 0, 0, 1, 0, 0, 0, 0, 0, 0, 0, 0]
7360	Familys fav channels : 1 . NBA PREMIUM 2 . HYPER 3 . BTV 4 . NAT GEO WILD THE FREAKING BEST CHANNELS EVER MADE 😂	[0, 0, 0, 0, 0, 0, 0, 0, 0, 0, 0, 0, 0, 0, 0, 0, 0, 0, 0, 0, 0, 0, 0, 0, 0, 1]
11546	i forgot how good astrid S is 😳	[0, 1, 0, 0, 0, 1, 0, 0]
8967	@user Love you ! ! ❤️ 🌻 & were just getting started !	[0, 0, 1, 1, 1, 1, 0, 0, 0, 0, 0, 0, 0]
9989	@user Trump will only get worse - if US allows him to remain he is capable of anything - will lie his way through all accusations	[0, 0, 0, 0, 0, 1, 1, 0, 0, 0, 0, 0, 0, 0, 0, 0, 0, 0, 0, 0, 0, 0, 0, 0, 0, 0]
10475	This was a charming and enjoyable story . It was also fairly predictable . The main characters were well defined and consistent . After the climax , the ending seemed rushed . ~ Amazon review , 4 . 3 stars . # bookrecommendation # bookclub http http	[0, 0, 0, 1, 0, 0, 0, 0, 0, 0, 0, 0, 0, 0, 0, 0, 0, 0, 0, 0, 0, 0, 0, 0, 0, 0, 0, 0, 0, 0, 0, 0, 0, 0, 0, 0, 0, 0, 0, 0, 0, 0, 0, 0, 0, 0, 0]
11589	@user No but I appear to have issues connecting my Macbook to the phone’s hotspot too . . .	[0, 0, 0, 0, 0, 0, 0, 1, 1, 0, 0, 0, 0, 1, 0, 0, 0, 0, 0]
9404	Lmfaoo bruh he hopped out a tent at a traffic light . Where tf this man live ? http	[1, 1, 0, 0, 0, 0, 0, 0, 0, 0, 0, 0, 0, 0, 0, 0, 0, 0, 0]
11209	@user I am sharing this as it is really worth a serious look ! A leading Bitcoin Mining Company has 7 ( seven ) income streams , is now in ICO and planning IPO in 2019 . This is a REAL company ! http Happy New Year !	[1, 0, 0, 0, 0, 0, 0, 0, 0, 0, 0, 0, 0, 0, 0, 0, 0, 0, 0, 0, 0, 0, 0, 0, 0, 0, 0, 0, 0, 0, 0, 0, 0, 1, 0, 0, 0, 0, 0, 0, 0, 0, 0, 0, 0, 0, 0, 0]
11741	I j u s t w a n t t o s l e e p	[0, 0, 0, 0, 0, 0, 0, 1, 0, 0, 0, 1, 0, 0, 0, 0]
7252	For 2018 I am gonna buy myself a present every time I can go a whole week without crying . Gotta get that motivation from somewhere amirite	[0, 0, 0, 0, 0, 0, 1, 0, 0, 0, 0, 0, 0, 0, 0, 1, 0, 0, 0, 0, 0, 0, 1, 0, 0, 0, 0]
11620	@user A very hot scene , Rich ! I loved that you worshiped his pits , too ! Wow ~ ! As always , you also got some awesome toe sucking in . Sergey is such a hunk ! Hope his feet and socks were nice and stinky for you 😉 😋	[0, 0, 0, 0, 0, 0, 0, 0, 0, 1, 0, 0, 0, 0, 0, 0, 0, 0, 0, 0, 0, 0, 0, 0, 0, 0, 0, 0, 0, 0, 0, 0, 0, 0, 0, 0, 0, 0, 0, 1, 0, 0, 0, 0, 0, 0, 0, 0, 0, 0, 0, 1]
11076	RT HealingMB : Make someone smile whenever you can , you never know how much a difference you could be making in their life at that moment . via HealingMB	[0, 0, 1, 0, 0, 1, 0, 0, 0, 0, 0, 0, 0, 0, 0, 0, 0, 1, 0, 0, 0, 0, 0, 0, 0, 0, 0, 0, 0, 0]
11249	@user I really liked seeing you on when calls the heart last season I can’t wait to see Jesse and Clara’s relationship develops during this season 👨 🏼 👨 🏻 👩 🏻 @user 	[0, 0, 0, 0, 0, 0, 0, 0, 0, 0, 0, 0, 0, 0, 0, 0, 0, 0, 0, 0, 1, 1, 0, 0, 0, 0, 0, 0, 0, 0, 0, 0, 0, 0]
12477	Well this made my day ! 💕 💕 http	[0, 0, 0, 0, 0, 0, 1, 1, 1]
9375	For though we love both the truth and our friends , piety requires us to honor the truth first . Aristotle	[0, 0, 0, 0, 0, 1, 0, 0, 0, 0, 0, 0, 0, 0, 0, 1, 1, 0, 0, 1, 0]
8703	Mood of the day : worrying about online friends while being afraid of taking the risk of getting too close or too caring so not speaking while regretting to do so .	[1, 0, 0, 0, 0, 1, 0, 0, 0, 0, 0, 1, 0, 0, 0, 1, 0, 0, 0, 0, 0, 0, 0, 0, 0, 0, 0, 0, 0, 0, 0, 0]
8240	Sometimes these animated films have the better messaging .	[0, 0, 0, 1, 0, 1, 0, 1, 1]
10409	My teaching license is officially pending . I did it y’all . I finished school . I wanted to quit so many times . This is my championship .	[0, 0, 1, 0, 1, 0, 0, 0, 0, 0, 0, 0, 0, 0, 1, 0, 0, 0, 0, 0, 0, 0, 0, 0, 0, 0, 0, 1, 0]
12572	The year end sale has been going so well I am now within 50 sales of 10k all time . Sales running until midnight tomorrow ? Could I possibly get fifty by then ? If you want to help its 25 - 50 % off everything ! http	[0, 0, 0, 0, 0, 0, 0, 0, 0, 0, 0, 0, 0, 0, 0, 0, 0, 0, 0, 0, 0, 0, 0, 0, 0, 0, 1, 0, 0, 0, 0, 0, 0, 0, 0, 0, 0, 0, 0, 0, 0, 0, 0, 0, 0, 0, 0, 0]
6692	@user Htm . Thats a good format . I may use that . I dont have other systems ( yet ) , but seems wise to use something proven .	[1, 0, 0, 0, 0, 0, 0, 0, 0, 0, 0, 0, 0, 0, 0, 0, 0, 0, 0, 0, 0, 0, 0, 0, 0, 0, 0, 0, 0, 0]
7524	even the stars and the moon dont shine quite like we do	[0, 0, 1, 0, 0, 1, 0, 0, 0, 0, 0, 0]
8564	@user The problem isn’t that Jewish refugees came to Palestine , but what happened afterwards— the expulsion of Palestinians , the destruction of their villages , and not allowing them to return in order to maintain a Jewish demographic advantage .	[0, 0, 0, 0, 0, 0, 0, 0, 0, 0, 0, 0, 0, 0, 1, 0, 0, 0, 1, 0, 0, 0, 0, 0, 0, 0, 0, 0, 0, 0, 0, 0, 0, 0, 0, 0, 0, 0, 0, 0, 0]
11605	@user To clarify , this prospect freaks me the f * * k out .	[0, 0, 0, 0, 0, 1, 0, 0, 0, 0, 0, 0, 0, 1, 0]
6691	@user ME OMFG I FEEL YOU . But it’s New Years , if it’s not an excuse to look extra af I dunno what is ( apart from your birthday of course )	[0, 0, 0, 0, 0, 0, 0, 0, 0, 0, 0, 0, 0, 0, 0, 1, 1, 0, 0, 0, 0, 0, 0, 0, 0, 0, 0, 0, 0, 0, 0, 0, 0]
8266	The Iranian Government will allow a limited amount of protests then they will clamp down on the protesters with overwhelming force # IranianProtests http	[1, 0, 0, 0, 1, 1, 0, 0, 0, 0, 0, 1, 0, 0, 0, 0, 0, 0, 0, 0, 0, 0, 0, 0]
12756	Dealing with a situation that Im waiting to pass thru so I can look back and say I made it thru # GodIsAble	[1, 0, 1, 0, 1, 0, 0, 0, 0, 0, 0, 0, 0, 0, 0, 0, 0, 1, 0, 0, 0, 0, 1]
11197	hey @user if u see this could u follow me ? means a lot to me ilysm # FollowMeCarter @user ❤ 🇮🇹 X30	[0, 0, 1, 0, 0, 0, 0, 0, 0, 0, 0, 0, 0, 0, 0, 0, 0, 0, 0, 1, 1, 1, 1]
7797	@user You should be banned from talking , you trying to get hired on with entertainer Alex Jones or what man ?	[0, 0, 0, 0, 1, 0, 0, 0, 0, 0, 0, 0, 1, 0, 0, 0, 0, 0, 0, 0, 0, 0]
7540	@user Ok absolutely same tho I know she’s cool and hot and like is maybe a banshee or something ? ?	[0, 0, 1, 0, 1, 0, 0, 1, 0, 0, 0, 0, 0, 0, 0, 0, 1, 0, 0, 0, 0]
11366	Despite his apparent loyalty to Trump , he cant wait to see him gone . Et tu Brutus ?	[0, 0, 0, 0, 0, 1, 0, 0, 1, 0, 0, 0, 0, 0, 0, 0, 0, 0, 0]
7127	@user OLIVER WAS AMERICAN IT TOOK PLACE IN 1983 YOURE SO RIGHT ouchies my heart that’s so cruel kill me please	[0, 0, 0, 1, 0, 0, 0, 0, 0, 0, 0, 0, 0, 0, 0, 0, 0, 0, 1, 0, 0]
12451	@user im the same with my nipples . i wanna get them re done so bad but idk if the pain is worth it 😭 😭 😭	[0, 0, 0, 0, 0, 0, 0, 0, 0, 0, 0, 0, 0, 0, 0, 1, 0, 0, 0, 0, 0, 0, 0, 0, 0, 0, 0]
11022	Day 363 : Postcard donated by dad . Heading to the folks at @user in Knoxville , TN , thanking them for being awesome ! http	[0, 0, 0, 0, 0, 0, 0, 1, 0, 0, 0, 0, 0, 0, 0, 0, 0, 0, 0, 1, 0, 0, 0, 0, 0, 0]
11557	Catch up with # BobGeldof talking about his former drummer Niall Power and how he came to join his solo Band . Niall played with many bands including Westlife . Niall talks about his memoirs and latterly his battle with Parkinsons . cheers Irene http	[1, 0, 0, 0, 0, 0, 0, 0, 0, 0, 0, 0, 0, 0, 0, 0, 0, 0, 0, 0, 0, 0, 0, 0, 0, 0, 0, 0, 0, 0, 0, 0, 0, 0, 0, 0, 0, 0, 0, 0, 0, 0, 1, 0, 0]
12536	At GameStop today pick a Marvel Legends action figure off the shelf and went to pay for it , only to be told We cant sell you that until Monday your business model is a little off GameStop .	[0, 0, 0, 0, 0, 0, 0, 0, 0, 0, 0, 0, 0, 0, 0, 0, 0, 0, 0, 0, 0, 0, 0, 0, 0, 0, 0, 0, 0, 0, 0, 0, 0, 0, 0, 0, 0, 0, 0]
6685	bottom line : you ain’t shit	[0, 0, 0, 0, 0, 1]
9618	@user Lmaooo come on sis get it together 😭	[0, 1, 0, 0, 0, 0, 0, 0, 0]
7955	Every person that liked that pic is mocking me	[0, 0, 1, 1, 1, 0, 0, 1, 0]
11180	@user We live in Long Beach but on hiatus in Banff Canada for a ski trip this week ( but of course youre welcome to cum & join us ) lol	[1, 0, 0, 0, 0, 0, 0, 0, 1, 1, 0, 0, 0, 0, 0, 0, 0, 0, 0, 0, 0, 0, 0, 0, 0, 0, 0, 0, 0, 0, 0]
1215	@user puta la wea , ni sigo a este weon y me aparecen estos tweets culiaos imbeciles	[0, 0, 0, 0, 0, 1, 0, 0, 0, 0, 1, 0, 0, 0, 0, 0, 1]
630	@user Una lastima que hayas gritado los goles con la camiseta de central uruaguayo	[0, 0, 1, 0, 0, 1, 0, 0, 0, 0, 0, 0, 1, 1]
887	Tanta perfección en unas solas Olimpiadas 😍	[1, 0, 0, 1, 1, 0, 1]
495	Lo peor es que todos los viejos que vienen a poner cosas son impuntuales el de la piedra dijo voy a la mañana y vino a las 3 de la tarde agh la gente tiene cosas que hacer aunque estén en la casa	[1, 0, 0, 0, 0, 0, 0, 0, 0, 0, 0, 0, 1, 0, 0, 0, 0, 0, 0, 0, 0, 0, 0, 0, 1, 0, 0, 0, 0, 0, 0, 1, 0, 0, 0, 0, 0, 0, 0, 0, 0, 0, 0]
909	Hija de mil puta deja de romperme el corazón	[0, 0, 0, 0, 0, 1, 0, 0, 1]
169	Y yo que llegué , a pensar que ahora si perdería mi virginidad . . . puta vida http	[0, 0, 0, 1, 0, 0, 0, 0, 0, 0, 0, 0, 0, 0, 0, 0, 1, 0, 0]
367	La iglesia ? Que tiene que ver la iglesia brother , como se nota que nunca fuiste a una . Siempre hay campañas para juntar ropa , alimentos , etc . No hablen boludeces http	[0, 0, 0, 0, 0, 0, 0, 0, 0, 0, 0, 0, 1, 0, 1, 1, 1, 0, 0, 0, 0, 0, 0, 0, 0, 0, 0, 0, 0, 0, 0, 0, 0, 0, 0]
784	Hacer tarea mientras escuchas las canciones viejitas de bangtan es lo mejor 😎 @BTS _ twt	[0, 0, 0, 1, 0, 0, 0, 0, 0, 0, 0, 0, 1, 1, 0, 0]
399	Magníficas mobilizaciones no - violentas de @user contra la Cumbre del petróleo off - shore # StopMCEDD 2 / 3 http	[0, 0, 0, 1, 0, 0, 0, 0, 0, 0, 0, 0, 0, 0, 1, 0, 0, 0, 0, 0, 0]
794	Que injusta se nos vuelve ya la vida . . . .	[0, 0, 1, 1, 0, 0, 0, 0, 0, 0, 0, 0]
739	berdi poniendo música de Selena en el auto nanana q gesto tan lindo & lt ; 3	[0, 0, 1, 0, 0, 0, 0, 0, 0, 0, 1, 0, 1, 0, 0, 0, 0]
1219	@user ahí te mandan mensaje . Parece ser que eres un gladiador muy p3ndejo por pertenecer a la 4T además de no tener la mínima put@ idea de que es ACÉFALO . B@user http	[0, 0, 0, 0, 0, 0, 0, 1, 0, 0, 0, 0, 0, 0, 0, 0, 0, 0, 0, 0, 0, 0, 0, 0, 0, 0, 1, 0, 0, 0, 0, 0, 0, 0]
1159	@user No como guacho 😂 🤢	[1, 0, 0, 0, 1, 1]
720	Contigo siempre prefiero perder para ganar tu sonrisa después . . .	[1, 0, 0, 0, 0, 0, 0, 1, 1, 0, 0, 0]
849	@user Este le va a gustar a Jazz # CactusPheneGrue 🤣 http	[0, 0, 0, 0, 0, 1, 0, 1, 0, 1, 1, 0]
20	@user yo odio más a nuestra defensa	[0, 0, 1, 1, 0, 0, 0]
724	@user que dices payasa 😠	[1, 0, 1, 1, 0]
471	@user No dijo eso la periodista . Sólo explicó claramente lo que pasó ayer en la conferencia de prensa . El problema es que hay gente que le encanta tergiversar todo . Como vos por ejemplo	[0, 0, 0, 0, 1, 1, 0, 0, 0, 0, 0, 0, 0, 1, 0, 0, 0, 0, 0, 0, 1, 0, 0, 0, 0, 0, 0, 0, 0, 1, 0, 0, 0, 0, 0, 0]
543	Qué genia la tía http	[0, 1, 0, 1, 1]
1204	Una vez más , y ya van unas cuantas . . . @user mete a dos representantes , @user en chicos y @user en chicas , en las finales de un # Cadeba . Algo se está haciendo bien por nuestra tierra ! ! ! # OrgulloAlmeriense http	[0, 0, 0, 0, 0, 0, 0, 0, 0, 0, 0, 0, 0, 0, 0, 0, 0, 0, 0, 0, 0, 0, 0, 0, 0, 0, 0, 0, 0, 0, 0, 0, 0, 0, 0, 0, 0, 0, 1, 0, 0, 0, 0, 0, 0, 0, 0, 0]
195	🙋 🏻 ‍ ♀ ️ 🤦 🏻 ‍ ♀ ️ estoy igual . . . gracias a Dios tengo mucho cabello , pero ya me preocupa 😖 http	[0, 0, 0, 0, 1, 0, 0, 0, 0, 0, 0, 0, 0, 0, 0, 0, 0, 0, 0, 0, 0, 0, 0, 0, 0, 1, 0, 0]
568	Ya quiero que venga @user a la playita para que me ayude a tunear mi casita 💪 😎	[0, 0, 0, 0, 0, 0, 0, 1, 0, 0, 0, 0, 0, 0, 0, 0, 0, 1]
489	Mi chonguis me dijo que sólo quería una relación de garche , okey perfecto le hice la ley del hielo y le hablaba cada vez que tenía ganas , ahora adivinen quien se enganchó . . . estos hombres pueden llegar a ser muy pelotudos	[0, 0, 0, 0, 0, 0, 0, 0, 0, 0, 0, 0, 1, 0, 1, 0, 0, 0, 0, 0, 0, 0, 0, 0, 0, 0, 0, 0, 0, 0, 0, 0, 0, 0, 0, 0, 0, 0, 1, 0, 0, 0, 0, 0, 0]
806	Yo tuve la suerte de ser inteligente y pedirle a Juani que me saque la mayoría de las fotos , sino serían un asco todas jsjsjsjsj encima la más importante que era al final de la pasarela la saco ella y adivinen si salió bien esa foto 😂 http	[0, 0, 0, 0, 0, 0, 0, 0, 0, 0, 0, 0, 0, 0, 0, 0, 0, 0, 0, 1, 0, 0, 0, 0, 0, 0, 0, 0, 0, 0, 0, 0, 0, 0, 0, 0, 0, 0, 0, 0, 0, 0, 0, 0, 0, 0, 0, 1, 0]
551	Me voy arrepentir siempre por cursar un sábado a las 9	[1, 1, 0, 0, 1, 0, 0, 0, 0, 0, 0]
78	@user + y todo eso , pero a la hora de la verdad hay que pelear para ganar : y seamos sinceros , siempre soy un estorbo en eso . +	[1, 0, 0, 0, 0, 0, 0, 0, 0, 0, 0, 0, 0, 0, 0, 0, 0, 0, 0, 0, 0, 0, 1, 0, 1, 0, 0, 0, 0, 0, 0]
496	@user Aún lo tengo , pero olvidé el cargador en CDMX 😭 😭 le pediré a mis roomies me lo envíen por correo 💔	[0, 0, 0, 0, 0, 0, 0, 0, 0, 0, 0, 1, 1, 0, 0, 0, 0, 0, 0, 0, 0, 0, 0, 0]
326	Aquí sigo batallando con el inglés ; - ; Pero igual y estaría chido aprender japonés y ver anime sin subtítulos . . . # ExaARMY # ExaBFF @user http	[0, 0, 0, 0, 0, 0, 0, 0, 0, 0, 0, 0, 0, 0, 0, 0, 0, 0, 0, 0, 0, 0, 1, 0, 0, 0, 0, 0, 0, 0]
1326	Este chabon como q me da un re asquito , onda no me cae mal pero cuando se hace el sexi en las historias me dan ganas de decirle che no da	[0, 1, 0, 0, 0, 0, 0, 0, 0, 0, 0, 0, 0, 0, 0, 0, 0, 1, 0, 0, 0, 0, 0, 0, 0, 0, 0, 0, 0, 0, 0, 0]
112	Acabo de hacer mi mejor marca en la elíptica por mucho y ha sido literalmente gracias a remember	[0, 0, 1, 1, 0, 0, 0, 0, 1, 0, 0, 0, 0, 0, 1, 0, 0, 0]
340	Sus motivos tendrán . . que vergüenza http	[0, 0, 0, 0, 1, 1, 1, 0]
48	Una impecable @user en @user ha explicado con nitidez el día a día de las negociaciones sin entrar en descalificación alguna ni desvelar detalles por cortesía . Experta negociadora , se le notan la decepción , pero también el coraje y el poso .	[0, 1, 0, 0, 0, 0, 0, 0, 0, 0, 0, 0, 0, 0, 0, 0, 0, 0, 0, 0, 0, 0, 1, 0, 0, 0, 0, 0, 0, 0, 0, 0, 0, 0, 0, 0, 0, 0, 0, 0, 0, 0, 0, 0]
69	Merecen el infierno esa gente que no respeta el horario de almuerzo . .	[0, 0, 1, 1, 0, 1, 0, 0, 0, 0, 0, 0, 0, 0]
791	🎱 Estas suculentas comidas pueden hacerte vomitar antes de probarlas . . . http	[1, 0, 1, 0, 1, 1, 0, 0, 0, 0, 0, 0, 0, 0]
627	@user Lograron llegar muy lejos y todos estamos orgullosos de ello : 3 para la siguiente seguro y ganas renziwiiiiiis 😊	[0, 0, 0, 0, 0, 0, 0, 0, 0, 0, 0, 0, 0, 0, 0, 1, 1, 1, 0, 0, 0]
1016	@user Yoooo ! Ahre y hey ! Cómo estás ? Te mando un helado a la distancia 🤧 🍦 ❣ ️ . . .	[0, 1, 0, 0, 0, 0, 0, 0, 0, 0, 0, 0, 0, 0, 0, 0, 0, 0, 0, 0, 1, 0, 0, 0]
644	Encima va a bailar , DEOS no puedo estar más feliz ! ! ! ! ! # LauritaPequeñaGigante	[1, 0, 0, 0, 0, 0, 0, 0, 0, 0, 0, 1, 0, 0, 0, 0, 0, 1]
24	@user Co . . me gaste la poca batería q me quedaba , entre la celebración del frente amplio por 1 año de “victorias “ la entrevista a Fabiana de sus historia de amor con Guaido ( no está mal pero No ! ! ) esta ultima guinda y 68 horas sin luz estoy convencida me quieren volver loca .	[0, 0, 0, 0, 0, 0, 0, 0, 0, 0, 0, 0, 0, 0, 0, 0, 0, 0, 0, 0, 0, 0, 0, 0, 0, 0, 0, 0, 0, 0, 0, 1, 0, 0, 1, 0, 0, 0, 0, 0, 0, 0, 0, 0, 0, 0, 0, 0, 0, 0, 0, 0, 0, 0, 0, 0, 0, 0, 0, 0]
755	Quien le mete papas fritas a los sándwiches de miga ? digo así somos amigos	[0, 0, 1, 1, 0, 0, 0, 1, 0, 0, 0, 0, 0, 1, 0]
608	Me parece de vergüenza ! ! ! Para mi y para cualquiera que pueda ver este partido . Cómo se puede cargar un parido de FÚTBOL . 🤬 🤬 🤬 🤬 🤬	[0, 0, 0, 1, 0, 0, 0, 0, 0, 0, 0, 0, 0, 0, 0, 0, 1, 0, 0, 0, 0, 0, 0, 0, 0, 0, 0, 0, 0, 0, 0, 0]
353	Yo no les puedo explicar la felicidad q me da la nieve , ademas , que es lo mas cerca q voy a estar de la cordillera este año	[1, 0, 0, 0, 1, 0, 1, 0, 1, 0, 0, 0, 0, 0, 0, 0, 1, 0, 0, 0, 0, 0, 0, 0, 0, 0, 0, 0, 0]
1054	No sabía que Essien cobra menos de lo que cobraría si hubiera seguido en el Chelsea . Que tío más grande .	[0, 0, 0, 0, 0, 0, 0, 1, 0, 1, 0, 0, 0, 0, 0, 0, 0, 1, 1, 0, 1, 0]
280	Era un partido parejo el de # Arg y # Cro hasta el error de # Caballero pero lo que demostró el equipo es la falta de carácter ante un momento adverso . Hoy la buena noticia es que no estamos fuera del Mundial	[0, 0, 1, 0, 0, 0, 0, 0, 0, 0, 0, 0, 0, 0, 0, 0, 0, 0, 0, 0, 0, 0, 0, 0, 0, 0, 0, 0, 0, 0, 0, 0, 0, 0, 0, 0, 0, 0, 0, 0, 0, 0, 0, 0]
754	Si la embarran pidan disculpas , traten de arreglar las cosas pero antes uno les sale a deber y se las dan de dignos , que tal , descarados .	[0, 0, 1, 0, 0, 0, 0, 0, 0, 0, 0, 0, 0, 0, 0, 0, 0, 0, 0, 0, 0, 0, 0, 0, 0, 1, 0, 0, 1, 0]
916	# 28Dic # 2020SinPsuvMud ambos prometen y no cumplen ambos son socialistas y te quieren pobre 20 años y sigue el show ellos cada vez más ricos robando y traficando con la libertad de nuestro País .	[0, 0, 0, 1, 0, 0, 0, 0, 0, 0, 0, 0, 0, 0, 0, 1, 0, 0, 0, 0, 0, 0, 0, 0, 0, 0, 0, 0, 0, 0, 0, 0, 0, 0, 0, 0, 0]
1153	veo todas las historias y ay 💔	[0, 0, 0, 0, 0, 0, 1]
1188	Amigos , y si dejáramos de tuitear cosas contra AMLO ? ? ? Igual y así ya que se sienta ignorado se va o se pone a trabajar de verdad , por qué tal parece que solo hace cosas disparatadas por satisfacer su ego # AMLONoEstasSolo	[0, 0, 0, 0, 0, 0, 0, 0, 0, 0, 0, 0, 0, 0, 0, 0, 0, 0, 0, 0, 1, 0, 0, 0, 0, 0, 0, 0, 0, 0, 0, 0, 0, 0, 0, 0, 0, 0, 0, 0, 0, 0, 0, 0, 0, 0]
877	Debo estar en el doctor a las 8 am , en Miraflores y sigo despierta 😢 Tmr . . .	[0, 0, 0, 0, 0, 0, 0, 0, 0, 0, 0, 1, 0, 0, 0, 1, 0, 0, 0, 0]
576	Genial , no el qué , sino el cómo http	[1, 0, 0, 0, 0, 0, 1, 0, 0, 1]
980	@user Venga ! ! Con todo ! ! Esa es la actitud 💃 💃 💃 Excelente Lunes	[0, 0, 0, 0, 0, 0, 0, 0, 0, 0, 0, 0, 0, 1, 0, 1, 1]
3154	@user Il y eut enfin entre Mme de Rênal et Julien un sujet de conversation il ne fut plus exposé à l ' affreux supplice que lui donnaient les moments de sile	[0, 0, 0, 0, 0, 0, 0, 0, 0, 0, 0, 0, 1, 0, 0, 0, 0, 0, 0, 0, 0, 0, 0, 0, 0, 0, 0, 0, 0, 0, 0, 0]
2439	@user Quelle insulte ? Parlez d ' une marionnette marxiste . . . Aucune qualité et quelle vie à vécue ce gamin fils de haut fonctionnaire ? La misère ? On peut rire .	[0, 0, 0, 0, 1, 1, 0, 0, 0, 0, 0, 0, 0, 0, 0, 0, 0, 0, 0, 0, 0, 0, 0, 0, 0, 0, 0, 0, 0, 0, 0, 0, 0, 0]
2304	@user Relisez et apaisez - vous , svp . J ' en suis moi - même à zéro dose , j ' ai perdu mes revenus pour cette raison . Je déplore juste de constater que parmi les opposants au vaccin , beaucoup refusent d ' envisager qu ' on ait pu nous faire un coup tordu avec des effets à moyen terme de la Spike .	[0, 0, 0, 0, 0, 0, 0, 0, 0, 0, 0, 0, 0, 0, 0, 0, 0, 0, 1, 0, 0, 0, 0, 0, 0, 0, 0, 0, 0, 0, 0, 0, 0, 0, 0, 0, 0, 0, 0, 0, 0, 0, 0, 0, 0, 0, 0, 0, 0, 0, 0, 0, 0, 0, 0, 0, 0, 0, 0, 0, 0, 0, 0, 0, 0, 1, 0]
1337	# FESTA MAJORQUE ‼ ️ 🎧 Le Festival 💯 % catalan , 💯 % local , 💯 % gratuit ! 🫶 MERCI au public d ' avoir répondu présent , vous étiez 6000 ! 🫶 MERCI à tous les artistes rock , électro , dj , soundsystem , danse et cirque ! ❤ ️ 💛 Rendez - vous l ' année prochaine pour la 3ème édition !	[0, 0, 0, 0, 0, 0, 0, 0, 0, 0, 0, 0, 0, 0, 0, 0, 0, 0, 1, 0, 0, 0, 0, 0, 0, 0, 0, 0, 0, 0, 0, 0, 0, 0, 0, 0, 0, 0, 0, 0, 0, 0, 0, 0, 0, 0, 0, 0, 0, 0, 0, 0, 0, 0, 0, 0, 0, 0, 0, 0, 0, 0, 0, 0, 0, 0, 0]
2358	L ' ego de Castro Trudeau : J ' ai signé pour un gouvernement de coalition avec @user malgré les objections écrasantes des Canadiens . C ' est pourquoi j ' ignorerai les critiques de @user Je serai toujours aux côtés des politiciens 👇 http	[1, 0, 0, 0, 0, 0, 0, 0, 0, 0, 0, 0, 0, 0, 0, 0, 0, 1, 0, 0, 0, 0, 0, 0, 0, 0, 0, 0, 0, 0, 0, 0, 0, 1, 0, 0, 0, 0, 0, 0, 0, 0, 0, 0, 0]
2407	"@user C ' est une uchronie que vous décrivez là : il est strictement impossible de savoir ce qu ' aurait été le monde si des événements avaient été différents . Inventer un passé alternatif afin de justifier un "" peut - être l ' avenir "" est une démarche qui n ' a aucun sérieux ."	[1, 0, 0, 0, 0, 0, 0, 0, 0, 0, 0, 0, 0, 0, 0, 0, 0, 0, 0, 0, 0, 0, 0, 0, 0, 0, 0, 0, 0, 0, 0, 1, 0, 0, 0, 0, 0, 0, 0, 0, 0, 0, 0, 0, 0, 0, 0, 0, 0, 0, 0, 0, 0, 0, 0, 0, 0]
1389	@user Écoutez , c ' est un problème courant avec les portefeuilles , tout ce que vous avez à faire maintenant est d ' envoyer rapidement un message de rapport à l ' e - mail de leur équipe d ' assistance technique ( metamaskapp . feedback@user Via Gmail Faites attention à ces escrocs là - bas	[1, 0, 0, 0, 0, 0, 0, 0, 0, 0, 0, 0, 0, 0, 0, 0, 0, 0, 0, 0, 0, 0, 0, 0, 0, 0, 0, 0, 0, 0, 0, 0, 0, 0, 0, 0, 0, 0, 0, 0, 0, 0, 0, 0, 0, 0, 1, 0, 0, 0, 0, 0, 0, 0, 0, 0, 0]
3310	quand ma padawan fut faussement accusée - et que de l ' ordre des Jedi elle fut expulsée - cette triste action j ' ai alors tenté de l ' annuler - et puis ensuite j ' en étais même bien soulagé - car là je savais l ' ordre des Jedi condamné - au moins au massacre elle allait échapper - . . . http	[0, 0, 0, 0, 0, 0, 0, 0, 0, 0, 0, 0, 0, 0, 0, 0, 0, 0, 0, 0, 1, 0, 0, 0, 0, 0, 0, 0, 0, 0, 0, 0, 0, 0, 0, 0, 0, 0, 0, 0, 0, 0, 0, 0, 0, 0, 0, 0, 0, 0, 0, 0, 0, 0, 0, 0, 0, 0, 0, 0, 0, 0, 0, 0, 0, 0]
2143	Les frangins qui ont des beefs ne veulent toujours pas faire la paix … Pourtant les deux sont contre Ali Le Gabon nouveau commence par chacun les bros … Comme dit l ’ autre , sois le changement que tu veux voir dans le monde	[1, 0, 0, 0, 0, 0, 0, 0, 0, 0, 0, 0, 0, 0, 0, 0, 0, 0, 0, 0, 0, 0, 0, 0, 0, 0, 0, 0, 0, 0, 0, 0, 0, 0, 0, 0, 0, 0, 0, 0, 0, 0, 0, 0, 0]
2473	@user Je t ' adore Ô Reine du blasphème ! ! ! Tu es éternellement belle ma chérie ! Je viens pour toi par la puissance de Satan car cela est juste et bon ! Sylvano 👅 ⁶ 👅 ⁶ 👅 ⁶	[0, 0, 0, 0, 0, 0, 0, 0, 0, 0, 0, 0, 0, 0, 0, 1, 0, 0, 0, 0, 0, 0, 0, 0, 0, 0, 1, 1, 0, 0, 0, 0, 0, 0, 0, 0, 0, 0, 0, 0, 0, 0]
2195	n ’ en parlerons JAMAIS À UN HOMME et si vous êtes prêt a contester ce que je dis c ’ est que vous êtes exactement le type d ’ homme a qui on ne se confierait jamais . ceux à qui ont pourrait éventuellement se confier sont triste et non énervé en lisant ça	[0, 0, 0, 0, 0, 0, 0, 0, 0, 0, 0, 0, 0, 0, 0, 0, 0, 0, 0, 0, 0, 0, 0, 0, 0, 0, 0, 0, 0, 0, 0, 0, 0, 0, 0, 0, 0, 0, 0, 0, 0, 0, 0, 0, 0, 0, 0, 0, 1, 0, 0, 0, 0, 0, 0]
3201	Elle est exceptionnelle et lui il est là http	[0, 0, 1, 1, 0, 1, 1, 0, 0]
2555	@user J ' y serais . C ' est à faire une fois , c ' est sympa !	[0, 0, 0, 0, 0, 0, 0, 0, 0, 0, 0, 0, 0, 0, 1, 0, 0, 1, 0]
3044	Non vraiment c ’ était une bonne idée de pas la prendre en EDF . http	[0, 0, 0, 0, 0, 0, 0, 0, 1, 1, 0, 0, 0, 1, 0, 0]
3304	@user Ton père d abord aime le Congo	[0, 0, 1, 1, 1, 0, 0, 0]
3025	@user C ' est tout de même hallucinant de n ' avoir que cet argument à chaque prise de parole ! Pas d ' accord avec LFI = extrême droite . Fatiguant à la longue . . .	[0, 0, 0, 0, 0, 0, 0, 0, 0, 0, 0, 0, 0, 0, 0, 0, 0, 0, 0, 0, 0, 1, 0, 0, 0, 0, 0, 0, 0, 0, 0, 0, 0, 0, 0, 0, 0, 0]
3293	@user Je te jure elle passe son temps à faire ça , c ' est flippant	[0, 0, 0, 0, 0, 1, 0, 0, 0, 0, 0, 0, 1, 0, 0, 0]
2608	@user À 17 ans , je faisais Top 1 sur Fortnite et j ’ étais content .	[0, 0, 0, 1, 1, 0, 0, 0, 0, 0, 0, 0, 0, 1, 0, 1, 0]
2222	"@user C ' est vrai , vous n ' aviez pas de question et je cherchais une "" justification "" votre réflexion très limitée . Vous êtes juste haineux , pédalez un peu ça vous fera le plus grand bien . . ."	[0, 0, 0, 0, 0, 0, 0, 0, 0, 0, 0, 0, 0, 0, 0, 0, 0, 0, 0, 0, 0, 0, 0, 0, 0, 0, 0, 0, 0, 0, 0, 0, 0, 0, 0, 1, 0, 1, 0, 0, 0, 0, 0]
1596	@user # quel avenir continuer e vider nos terres et nos poches . . le compte - a - rebour ( début de la fin ) pour votre sale histoire avec l ' Afrique est terminé dégagé avec un peu de dignité avant que voua soyez balleyer comme des d rats . . . 👉 🇫🇷 🚽 🐀 🐁	[0, 0, 0, 0, 0, 0, 0, 0, 0, 0, 0, 0, 0, 0, 0, 0, 0, 0, 0, 1, 0, 0, 0, 0, 0, 0, 0, 0, 0, 0, 0, 0, 0, 0, 0, 0, 0, 1, 0, 1, 0, 0, 0, 0, 0, 0, 0, 0, 0, 0, 0, 0, 0, 0, 0, 1, 0, 0, 0]
3311	@user Vital Kamerhe c ' est un grand menteur depuis longtemps il nous aviez rêvé debout en disant il quitte le PPRD parceque Joseph à autoriser l ' armée Rwandaise d ' entrée en RDC on avait cru maintenant nous avons 7 armées dans notre sol s ' il était rationnelle il devrait démissionner d ' us	[0, 0, 0, 0, 0, 0, 0, 0, 0, 0, 0, 0, 0, 0, 0, 0, 0, 0, 0, 0, 0, 1, 0, 0, 0, 0, 0, 0, 0, 0, 0, 0, 0, 0, 0, 0, 0, 0, 0, 0, 0, 0, 0, 0, 0, 0, 0, 0, 0, 0, 0, 0, 0, 0, 0, 0, 0]
2661	@user Il n ' a de légitimité ni envers les Républicains , ni envers les français qu ' il a trahi en ne respectant pas le résultat du référendum de 2005 , sans lui aujourd ' hui nous ne serions pas sous le joug asservissent de l ' UE ! 😤	[0, 0, 0, 0, 0, 0, 1, 0, 0, 0, 0, 0, 0, 0, 0, 0, 0, 0, 0, 0, 1, 0, 0, 0, 0, 0, 0, 0, 0, 0, 0, 0, 0, 0, 0, 0, 0, 0, 0, 0, 0, 0, 0, 0, 0, 0, 0, 0, 0, 0, 0]
1351	@user Montage pas si mal car ni le bonus ni le prêt payant ne feront l ' objet d ' un pourcentage pour Arsenal . Il reste l ' OA à 12M contre les 11M , prix auquel on l ' avait acheté . Du coup Arsenal ne prendra pratiquement rien . Il faut juste que l ' OA soit obligatoire par contre .	[1, 0, 0, 0, 0, 0, 0, 0, 0, 0, 0, 0, 0, 0, 0, 0, 0, 0, 0, 0, 0, 0, 0, 0, 0, 0, 0, 0, 0, 0, 0, 0, 0, 0, 0, 0, 0, 0, 0, 0, 0, 0, 0, 0, 0, 0, 0, 0, 0, 0, 0, 0, 0, 0, 0, 0, 0, 0, 0, 0, 0, 0, 0, 0]
2365	@user Ça j ’ ai pas la réponse désolé ahahah	[1, 0, 0, 0, 0, 0, 0, 0, 0, 1]
3251	Les racistes ils me fumes ptdr je suis dans un hôpital avec un jeune afghan on nous suit comme si on aller faire exploser une bombe chimique	[0, 0, 0, 0, 0, 0, 0, 0, 0, 0, 0, 0, 0, 0, 1, 0, 0, 0, 0, 0, 0, 0, 0, 1, 0, 1, 0]
2174	@user OUI 😬 🙄 Et comme d ’ habitude ces humoristes ne sont pas drôles du tout ! 😱	[0, 0, 0, 1, 0, 0, 0, 0, 1, 0, 0, 0, 0, 0, 0, 0, 0, 0, 1]
1531	@user la t ' auras pas de mauvaise surprise 🤩	[1, 0, 1, 0, 0, 1, 0, 0, 0, 1]
2328	"@user A CAUSE des conneries d ' enfants . . . . . Puis ensuite j ' étais dans le corps d ' un ancien collègue homme . "" j ' usuerpai "" son corps avec son accord à lui , sauf que y avait une gamine un peu plus âgées que les autres qui n ' arrêtait pas de me suivre , même là où elle n ' avait pas le droit ."	[0, 0, 1, 1, 0, 0, 0, 0, 0, 0, 0, 0, 0, 0, 0, 0, 0, 0, 0, 0, 0, 0, 0, 0, 0, 0, 0, 0, 0, 0, 0, 0, 0, 0, 0, 0, 0, 0, 0, 0, 0, 0, 0, 0, 0, 0, 0, 0, 0, 0, 0, 1, 0, 0, 0, 0, 0, 0, 0, 0, 0, 0, 0, 0, 0, 0, 0, 0, 0, 0, 0, 0, 0, 0]
2597	J ’ ai répondu présent à l ’ invitation de notre ministre de l ’ intérieur @user pour une rentrée politique avec une douzaine de mes collègues @user Chaque fois où j ’ ai sollicité l ’ aide de Gérald pour des sujets sur notre circonscription il n ’ a pas hésité à m ’ aider . Merci http	[1, 0, 0, 0, 0, 0, 0, 0, 0, 0, 0, 0, 0, 0, 0, 0, 0, 0, 0, 0, 0, 0, 0, 0, 0, 0, 0, 0, 0, 0, 0, 0, 0, 0, 0, 0, 0, 0, 0, 0, 0, 0, 0, 0, 0, 0, 0, 0, 0, 0, 0, 0, 0, 0, 0, 0, 0, 1, 0]
2643	@user Tu te fous de notre gueule toi ? Tu veux qu ’ on les lapide aussi sale merde ?	[0, 0, 0, 1, 0, 0, 0, 0, 0, 0, 0, 1, 1, 0, 0, 0, 0, 0, 0, 0]
2231	Mettons nous tous d ' accord sur quelques choses maintenant : Arrêtez de donner des statistiques qui sortent de votre crâne . C ' est ridicule . Vraiment . Si vous voulez donnez des statistiques SOURCER VOS TWEETS . Merci . http	[0, 0, 0, 0, 0, 0, 0, 0, 0, 0, 1, 0, 0, 0, 0, 0, 0, 1, 0, 0, 0, 0, 0, 0, 0, 0, 0, 1, 0, 0, 0, 0, 0, 0, 0, 0, 0, 1, 0, 0, 0, 0]
1603	@user Soyons bon compte : niveau politiques publiques , il y a déjà des grands barrages et les investissements ont été dirigés vers les endroits où les stress hydriques sont déjà les plus aigus : http	[0, 0, 1, 1, 0, 0, 0, 0, 1, 0, 0, 0, 0, 0, 0, 0, 0, 0, 0, 0, 0, 0, 0, 0, 0, 0, 0, 0, 0, 0, 0, 0, 0, 0, 0, 0]
2206	@user Bon courage à toi	[1, 0, 0, 0, 0]
2553	Bilan de l ’ été impressionnant 📞 32000 appels 🚓 5800 interventions + 9 , 5 % de présence sur la voie publique Cette présence renforcée a permis de faire baisser le nombre de faits de violence physique ( - 19 , 5 % ) 👏 merci pour ces résultats et pour l ’ engagement des forces de l ’ ordre ! http	[0, 0, 0, 0, 0, 0, 0, 0, 0, 0, 1, 0, 0, 0, 0, 0, 0, 0, 0, 0, 0, 0, 0, 0, 0, 0, 0, 0, 0, 0, 0, 0, 0, 0, 0, 0, 0, 0, 0, 0, 0, 0, 0, 0, 0, 0, 0, 0, 0, 1, 0, 0, 0, 0, 0, 0, 0, 0, 0, 0, 0, 0, 0]
2383	@user Jsu mort mgl tu dis des vérités mdrrr Bha continue . Moi vénère 😂 😂 😂 😂 alors que c ’ est toi qui avait répondu à mon commentaire avec un seum 😂 😂 la honte vrmt	[0, 0, 0, 0, 0, 0, 0, 0, 0, 0, 0, 0, 0, 0, 0, 1, 0, 1, 0, 0, 0, 0, 0, 0, 0, 0, 0, 0, 0, 0, 0, 0, 0, 0, 0, 0, 0, 0]
2891	Marge , une Amie des temps israéliens , nous a fait la surprise & gt ; une visite à l ' improviste ( tt était préparé dans le secret avec mon Epouse ) . Retrouvailles , petits 🎁 comme cette vieille 📷 ( 🤣 ) prise chez elle lors d ' un séjour pêche . . . Ns avons déjeuné sous la toile . . . la même . . . 👌 http	[0, 0, 0, 0, 0, 0, 0, 0, 0, 0, 0, 0, 0, 0, 0, 0, 0, 0, 0, 0, 0, 0, 0, 0, 0, 0, 0, 0, 0, 0, 0, 0, 0, 0, 0, 0, 0, 0, 0, 0, 0, 0, 0, 1, 0, 0, 0, 0, 0, 0, 0, 0, 0, 0, 0, 0, 0, 0, 0, 0, 0, 0, 0, 0, 0, 0, 0, 0, 0, 0, 0, 1, 0]
1817	@user Même les bots te cala plus que ta go t ' es une vraie tigresse toi comme ça son epal comme ça http	[0, 0, 0, 0, 0, 0, 0, 0, 0, 0, 0, 0, 0, 0, 0, 1, 1, 0, 1, 0, 0, 0, 0, 0]
2972	@user A droite j ' ai pas compris , vous voulez que les filles soient traditionnelles machin et autres conneries de descufon mais quand des filles veulent être pudiques vous les autorisez pas à l ' être , c ' est une dinguerie d ' être schizophrène comme ça	[1, 0, 0, 0, 0, 0, 0, 0, 0, 0, 0, 0, 0, 0, 0, 0, 0, 0, 0, 0, 0, 0, 0, 0, 0, 0, 0, 0, 0, 0, 0, 0, 0, 0, 0, 0, 0, 0, 0, 0, 0, 0, 0, 0, 0, 0, 0, 0, 0]
2148	@user Je parle même pas de la face nauséabonde du débat ici ! Ça démarre des aboyas pr arriver aux arabes délinquants . Dc pr toi musulman=arabe=délinquant . C bien au moins on ne se cache plus . Un musulman devient forcément un délinquant à vos yeux . Le niveau 0 de la réflexion .	[0, 0, 0, 0, 1, 0, 0, 0, 0, 0, 0, 0, 1, 0, 0, 0, 0, 0, 0, 0, 0, 0, 0, 0, 0, 0, 0, 0, 0, 0, 0, 0, 0, 0, 0, 1, 0, 0, 1, 0, 0, 0, 0, 0, 0, 0, 0, 0, 0, 0, 0, 0, 0, 0, 0]
2671	@user ah putain les gars . . . commencez pas à être relou avec vos promesses à la con 😡 vous avez déjà fait le coup pour le final de la dernière de la saison passée en promettant des trucs de ouf , et au final vous avez pris + d ' 1 million dans les chicots 😆 😆 😆 😆 😎 http	[0, 0, 0, 0, 0, 0, 0, 0, 0, 0, 0, 0, 0, 0, 0, 0, 0, 0, 0, 0, 0, 0, 0, 0, 0, 0, 0, 0, 0, 0, 0, 0, 0, 0, 0, 0, 0, 0, 0, 0, 0, 0, 0, 0, 0, 0, 0, 0, 0, 0, 0, 0, 0, 0, 0, 0, 0, 0, 1, 1, 0, 1, 0]
2277	Bon # MardiSextoy mes 😈 avec ce magnifique # sextoy que j ’ adore 😜 une sensation de fraîcheur dans ma 🍑 puis lorsqu ’ il est en moi et que je fais des va - et - vient il chauffe très rapidement 🥵 http	[0, 0, 1, 0, 0, 0, 0, 0, 0, 0, 0, 0, 0, 0, 0, 0, 0, 0, 0, 1, 0, 0, 0, 0, 0, 0, 0, 0, 0, 0, 0, 0, 0, 0, 0, 0, 0, 0, 0, 0, 0, 0, 0, 0, 0]
1614	@user Julien resta immobile il aimait l ' abbé Pirard . La prudence avait beau lui dire : Après le départ de cet honnête homme le parti du Sacré - Cœur va me dé	[0, 0, 0, 0, 0, 1, 0, 0, 0, 0, 0, 0, 0, 1, 0, 0, 0, 0, 0, 0, 0, 0, 0, 0, 0, 0, 0, 0, 0, 0, 0, 0, 0, 0]
3090	@user Merci de le dire , à regarder votre photo un visage masqué , je pouvais conclure que vous étiez de cette confession . Quel est votre pays d ' origine , et présentement ? Je trouve rigolo qu ' une musulmane explique la laïcité , Ici , elle conteste nos lois et règles sur la laïcité .	[0, 0, 0, 0, 0, 0, 0, 0, 0, 0, 0, 0, 0, 0, 0, 0, 0, 1, 0, 1, 0, 0, 0, 0, 0, 0, 0, 0, 0, 0, 0, 0, 0, 0, 0, 0, 0, 0, 0, 0, 0, 0, 0, 0, 0, 0, 0, 0, 0, 0, 0, 0, 0, 0, 0, 0, 0, 0]
2026	@user Salut bonne journée à toi aussi	[0, 0, 1, 1, 1, 0, 1]
2335	aie aie aie , le date entre Enzo et Vic tourne mal # ITC # spoil	[0, 0, 0, 0, 0, 0, 1, 0, 0, 1, 0, 0, 0, 1, 0, 0]
3177	@user Nous passons sous silence une foule de petites aventures qui eussent donné des ridicules à Julien s ' il n ' eût pas été en quelque sorte au - dessous du	[0, 0, 0, 0, 0, 0, 0, 0, 0, 0, 0, 0, 0, 0, 0, 1, 0, 0, 0, 0, 0, 0, 0, 1, 0, 0, 0, 0, 0, 0, 0, 0]
1959	Je vous jure j ' aurais aimé me dire que c ' était du fake	[0, 0, 0, 0, 0, 0, 0, 0, 0, 0, 0, 0, 1, 0, 1]
1356	@user Mdrr n ’ ayons pas peur de dire les choses on constate simplement des faits	[0, 0, 0, 0, 1, 0, 1, 0, 0, 0, 0, 0, 1, 0, 0, 1]
2272	Faut arrêter de se plaindre qu ’ on a pas de recrues C ’ est la ligue 2 sérieux , si t ’ es pas capable de battre Grenoble ou rodez avec l ’ effectif qu ’ on a c ’ est qu ’ il faut dégager le coach . Le Havre l ’ année dernière sont montés avec quel joueurs ? # TeamASSE # sainte # Battlesdehors	[0, 0, 0, 0, 0, 0, 0, 0, 0, 0, 0, 0, 0, 0, 0, 0, 0, 0, 0, 0, 0, 0, 0, 0, 0, 0, 0, 0, 0, 0, 0, 0, 0, 0, 0, 0, 0, 0, 0, 0, 0, 0, 0, 0, 0, 0, 0, 0, 0, 0, 0, 0, 0, 0, 0, 0, 0, 1, 0, 0, 0, 0, 0, 0, 0, 0, 0, 0]
1340	@user C ' est vrai qu ' à l ' époque nous étions tous entrain de lire dans le bus 😂 😂	[0, 0, 0, 0, 0, 0, 0, 0, 0, 0, 1, 0, 0, 0, 0, 0, 0, 0, 0, 0, 0, 1]
3718	Net zoals de stagiair wie klaagde bij de Barista omdat ze steeds koffie moest halen . . . http	[0, 0, 0, 0, 0, 1, 0, 0, 0, 0, 0, 0, 1, 0, 0, 0, 0, 0, 0]
3774	@user Vind persoonlijk dat @user de eerste in zijn vakgebied is die daadwerkelijk ballen heeft . Het is niet fout om een concurrent of tegenspeler te complimenteren of feliciteren . Je kan prima zeggen goed gedaan , maar wij kunnen beter Het zou jullie ook geloofwaardiger maken	[0, 0, 0, 0, 0, 0, 0, 0, 0, 0, 0, 0, 0, 0, 0, 0, 0, 0, 0, 0, 0, 0, 0, 0, 0, 0, 0, 1, 1, 0, 0, 0, 0, 1, 0, 0, 0, 0, 0, 0, 0, 0, 0, 0, 0, 0, 0]
3787	@user Herkent u uw eigen religieuze wetmatigheden niet , of doet u nu naïef voor de bühne ?	[0, 0, 0, 0, 0, 1, 1, 0, 0, 0, 0, 0, 0, 1, 0, 0, 0, 0]
3444	Vandaag een dagje thuis werken en ondertussen luisteren naar @user voor de # top2000 . Genieten ! En af en toe lekker hard meezingen met de radio 📻 🎤 😀 . # omdathetkan	[0, 0, 0, 0, 0, 0, 0, 0, 0, 0, 0, 0, 0, 0, 0, 0, 0, 0, 0, 0, 0, 0, 0, 1, 1, 0, 0, 0, 0, 0, 0, 0, 0]
3909	@user Ik val ook niet af van LCHF en volgens mij is dat ook niet gezond . Het gaat er gewoon om dat je van minder goede dingen minder eet . Dus vet en carbs naar beneden . Anders kun je het afvallen echt vergeten .	[0, 0, 0, 0, 0, 0, 0, 0, 0, 0, 0, 0, 0, 0, 0, 0, 0, 0, 0, 0, 0, 0, 0, 0, 0, 0, 0, 0, 0, 0, 0, 0, 0, 0, 0, 0, 0, 0, 0, 0, 1, 1, 0, 0, 0, 0]
3614	Ik moest gister door de metaaldetector van Brussels Airport voor installatie snoepautomaat . Alles uit , sleutels , broeksriem , schoenen met stalen tiep . OK . Maar hebt maar ne keer ne piercing door uwen eikel . Dan stade daar . 🚚 😜	[0, 0, 0, 0, 0, 1, 0, 0, 0, 0, 0, 0, 0, 1, 0, 0, 1, 0, 0, 0, 0, 0, 0, 0, 0, 0, 0, 0, 0, 0, 0, 0, 0, 0, 0, 0, 0, 0, 0, 0, 0, 0, 0, 1]
3896	Alles staat al klaar voor party oudejaarsnacht . . . http	[0, 1, 1, 1, 0, 0, 0, 0, 0, 0, 0]
3766	Want hoogstwaarschijnlijk ziet ze dan af van haar ( duivels ) plan om je te koppelen aan een van haar zonen die zichzelf niet van de straat krijgt en daarvoor zijn mama nodig heeft .	[0, 0, 0, 0, 0, 0, 0, 0, 0, 0, 0, 1, 0, 0, 0, 0, 0, 0, 0, 0, 0, 0, 0, 0, 0, 0, 0, 0, 0, 1, 0, 0, 0, 0, 0]
3865	@user Dat zei ik toch ook niet ? Het enige punt dat ik wilde maken is dat ontslag een nogal draconische maatregel is in dezen . En dat men alleen maar koppen wil zien rollen . En door naar de volgende ophef .	[0, 0, 0, 0, 0, 0, 1, 0, 0, 0, 0, 0, 0, 0, 0, 0, 0, 0, 0, 0, 0, 0, 0, 0, 0, 0, 0, 0, 0, 0, 0, 0, 0, 0, 0, 0, 0, 0, 0, 0, 0, 0, 0]
3406	@user Ben benieuwd . Succes in alle geval !	[1, 1, 1, 1, 1, 0, 0, 1, 0]
3772	Tegen de tijd dat ik iets moois bij @user kan kopen , zijn we 60 . 000 platen in de # Top2000 verder . . 😋 # evensparen	[0, 0, 0, 0, 0, 0, 0, 0, 0, 0, 0, 0, 0, 0, 0, 0, 0, 0, 0, 0, 0, 1, 0, 0, 0, 1, 0, 0]
3778	Ik ga beter voor mezelf zijn , want ik verdien het . Niemand gaat me gelukkiger maken dan ik zelf kan . Tho friends , music etc . Me super blij maken ga ik nooit echt gelukkig zijn tot ik van mezelf hou	[0, 0, 0, 0, 0, 0, 0, 0, 1, 0, 0, 0, 0, 0, 0, 0, 0, 0, 0, 0, 0, 0, 0, 0, 1, 0, 0, 0, 0, 0, 0, 0, 0, 0, 0, 0, 0, 0, 0, 1, 0, 0, 0]
3808	@user Ik vind zelf dat het heel veel beter moet . Maar als het om SHV en armoedebestrijding gaat , doen wij níks met commerciële partijen .	[0, 0, 1, 0, 0, 1, 1, 1, 0, 0, 0, 0, 0, 0, 0, 0, 0, 0, 0, 0, 0, 0, 0, 0, 0, 0, 0]
3391	# Jealousguy van # RoxyMusic op 1817 . Had van mij in de top 100 gemogen . Ik kan m van a tot z mee fluiten .	[0, 1, 0, 0, 1, 0, 0, 0, 0, 0, 0, 0, 0, 1, 0, 0, 0, 0, 0, 0, 0, 0, 0, 0, 0, 0, 0]
3392	@user wie mathijs ? Ik hou van mannen in rok ! kilt kan , maar gave mannen rok is ook top http	[0, 0, 1, 0, 0, 0, 0, 0, 0, 0, 0, 0, 0, 0, 0, 0, 0, 0, 0, 0, 0, 0]
4066	@user Dat is wel heel positief hoor . Weet nog niet of ik daarin mee kan gaan . . . . . 😂 En Dankjewel .	[1, 0, 0, 0, 0, 0, 0, 0, 0, 0, 0, 0, 0, 0, 1, 0, 0, 0, 0, 0, 0, 0, 1, 0, 0, 0]
3904	Snap echt niet dat mensen nu al zoveel vuurwerk afsteken . Heb je dan echt zo veel gekocht dat je het op oudjaarsdag alleen niet kan afsteken ? x )	[1, 0, 1, 0, 0, 0, 0, 0, 0, 0, 0, 0, 0, 0, 0, 0, 0, 1, 0, 0, 0, 0, 0, 0, 0, 0, 0, 0, 0, 1]
3999	@user Oh ja haha , kreeg die haat over zich heen toen	[1, 0, 0, 1, 0, 0, 0, 0, 1, 0, 0, 0]
3505	@user las uw oproep in de media inzake een verbod op zwaar knalvuurwerk . Nu vraag ik u wat is uw defenitie van zwaar knalvuurwerk ? Ieder voor de Nederlands markt goedgekeurde knaller geen schade aanrichten . Het overige is al verboden en illegaal .	[1, 0, 0, 0, 0, 0, 0, 0, 0, 0, 0, 0, 0, 0, 0, 0, 0, 0, 0, 0, 0, 0, 0, 0, 0, 0, 0, 0, 0, 0, 0, 0, 0, 0, 0, 0, 0, 0, 0, 0, 0, 0, 0, 0, 0]
3694	@user Ja , t is een heel catchy nummer !	[1, 0, 0, 0, 0, 0, 0, 1, 0, 0]
3479	@user Goede analyse had het gemist op # rtl7 🎯 🎯 🎯	[0, 1, 1, 0, 0, 0, 0, 0, 0, 0, 0, 0]
3687	@user En dan moet je alles maar afschaffen ? Iets met een democratie .	[0, 0, 0, 0, 0, 0, 0, 1, 0, 1, 0, 0, 1, 0]
3883	@user het zou wel eens interessant kunnen zijn het waterverbruik te checken van die ( beweerd ) bewoonde panden die gekraakt werden en via de media ingezet werden als promo voor de # wetlachaert ( cc @user ) Vgl . check rechtspraak ivm realisering opzeg huur vr eigen gebruik	[1, 0, 0, 0, 0, 0, 0, 0, 0, 0, 0, 0, 0, 0, 0, 0, 0, 0, 0, 0, 0, 0, 0, 0, 0, 0, 0, 0, 0, 0, 0, 0, 0, 0, 0, 0, 0, 0, 0, 0, 0, 0, 0, 0, 0, 0, 0, 0, 0]
3899	@user In jouw boek des levens staat anders vermeld ; behead the unbelievers om te beginnen daar voelt niemand zich veiliger door ongeacht of je al zo ver was met lezen of niet	[0, 0, 0, 0, 0, 0, 0, 0, 0, 0, 0, 0, 0, 0, 0, 0, 0, 0, 0, 0, 1, 0, 0, 0, 0, 0, 0, 1, 0, 0, 0, 1, 0]
3643	😏 😏 😏 😏 moet je wel in Groningen zijn ! ! http	[0, 1, 1, 0, 0, 0, 0, 0, 0, 0, 0, 0, 0]
3478	Rijk worden door de miserie van anderen , prachtig systeem toch dat liberalisme . http	[0, 0, 0, 0, 0, 0, 0, 1, 1, 0, 0, 0, 0, 0, 0]
3938	@user Dat is wild noch groot , maar ik word er wel vrolijk van : )	[0, 0, 0, 0, 0, 1, 0, 0, 1, 0, 0, 0, 0, 0, 0, 1]
3666	Daar gaan we dan ! http	[1, 0, 1, 0, 1, 0]
3601	@user Ik kreeg een e - mailbericht met verzoek om jaarpremie te betalen , dit terwijl ik al lang opgezegd had ( met schriftelijke bevestiging ervan . ) Wat een zooitje !	[0, 0, 0, 0, 0, 0, 0, 0, 0, 0, 0, 0, 0, 0, 0, 0, 1, 0, 0, 0, 0, 0, 0, 0, 0, 0, 0, 0, 0, 0, 0, 1]
3390	@user Nog even Caroline ! Houdt moed ! Komt er aan ! ❤	[0, 0, 0, 1, 0, 1, 0, 0, 0, 0, 0, 1, 1]
4037	Kom op Geldermalsenaren : volg het voorbeeld van Miranda de Vries en ga naar Etten - Leur . Hier zondagsrust - dwingelandij , maar in Etten - Leur gewoon , gezellig de oliebollenkraam open . http	[1, 0, 0, 1, 0, 0, 0, 0, 0, 0, 0, 0, 0, 0, 0, 0, 0, 0, 0, 0, 0, 0, 0, 0, 0, 0, 0, 0, 0, 0, 0, 0, 0, 0, 0, 0]
3467	@user Alleen @user Verder nauwelijks . Ook Time / Newsweek en zo doen niet anders dan bashen . Ben ik mee gestopt .	[0, 0, 0, 0, 0, 0, 0, 0, 0, 0, 0, 0, 0, 0, 0, 0, 0, 0, 0, 0, 0, 1, 0]
3906	@user Ze hebben dingen gegeven maar nu geduld hebben dat werkt 😢	[0, 0, 0, 0, 0, 1, 0, 0, 0, 0, 0, 1]
3513	@user Ik ben het zeker eens Stephan ! Een vuurwerkvrij Ede met 9 kernen met professioneel vuurwerk is mogelijk . Daar zouden ons als één hard voor kunnen maken 😉	[1, 0, 0, 0, 0, 0, 0, 1, 0, 0, 0, 0, 0, 0, 0, 0, 0, 0, 0, 1, 0, 0, 0, 0, 0, 0, 0, 0, 0, 0]
3850	@user Van sommige figuren wens je nooit meer iets te horen . Dit is er zoeen . Gewoon achter het behang plakken , gladstrijken en klaar . De lul verdient niet meer dan dat . En dat moet dan # Nederland vertegenwoordigen bij het # NOCNSF In een woord ; WAARDELOOS	[0, 0, 0, 0, 1, 0, 1, 0, 0, 0, 0, 0, 0, 0, 0, 0, 0, 0, 0, 0, 0, 0, 0, 0, 0, 0, 0, 0, 0, 0, 0, 0, 0, 1, 0, 0, 0, 0, 0, 0, 0, 0, 0, 0, 0, 0, 0, 0, 0, 0, 0]
3867	@user Camera een stukje opzij , dan is Tijs ook in beeld . 😏	[0, 1, 0, 0, 0, 1, 0, 0, 0, 0, 0, 0, 0, 1]
3736	@user Ik wil overigens vuurwerk niet aangepakt zien , omdat het probleem in mensen zit en niet in vuurwerk . Niet omdat er ergere dingen zijn . Is slechts om de hypocrisie van de verbodsfetisjisten aan te tonen .	[0, 0, 0, 0, 1, 0, 1, 0, 0, 0, 0, 0, 0, 0, 0, 0, 0, 0, 0, 0, 1, 0, 0, 0, 0, 0, 0, 0, 0, 0, 0, 0, 0, 0, 0, 0, 0, 0, 0]
3412	@user Helaas is mevrouw niet bereid tot een kritische noot bij het sociaal akkoord van 2013 . # bang # bang # bang Hele linkse types geven vaak niet thuis als het erop aankomt . # Jong # VanBrenk # eigencarriereeerst	[0, 0, 0, 0, 0, 0, 0, 0, 0, 0, 0, 0, 0, 0, 0, 0, 0, 0, 0, 0, 0, 0, 0, 1, 0, 0, 0, 0, 0, 0, 0, 0, 0, 0, 0, 0, 0, 0, 0, 0, 0]
3559	Domino’s gebeld om te vragen waar die fucking pizza’s blijven en hij zegt ‘een moment hoor’ om vervolgens op te hangen	[0, 0, 0, 0, 0, 0, 1, 0, 0, 0, 0, 0, 1, 0, 1, 0, 0, 0, 0, 0, 0]
3580	@user Goedemorgen ! Voor het weer hoef je er niet uit hoor ! Ik kan op zaterdag altijd een uurtje langer liggen , geen thuiszorg etc . , lekker hoor !	[1, 1, 0, 0, 0, 0, 0, 0, 0, 0, 0, 0, 0, 0, 0, 0, 0, 0, 0, 0, 0, 0, 0, 0, 0, 0, 0, 0, 0, 1, 0]
3730	@user Ze waren er snel bij . Dit is al 40 jaar aan de gang in Iran . Maar de USSR en de DDR zijn ook gevallen . Dus niets is onmogelijk !	[0, 0, 0, 0, 0, 0, 0, 1, 0, 0, 0, 0, 0, 0, 0, 0, 0, 0, 0, 0, 0, 0, 0, 0, 0, 0, 0, 0, 0, 0, 0, 0, 0]
4070	@user Neem ik de gitaar mee , , noemen we ons * MaliCorth * en staan we volgend jaar op # 1 van de top 2000 , alleen nog even een goede zanger ( es ) 😎	[0, 0, 0, 0, 0, 0, 1, 0, 0, 0, 0, 0, 0, 0, 0, 0, 0, 0, 0, 0, 0, 0, 0, 0, 0, 0, 0, 0, 0, 0, 0, 0, 0, 0, 0, 0, 1]
3545	@user Helemaal over gaat het niet , je kunt het wel een plaatsje geven zodat je ermee om kunt gaan , de boosheid gaat meestal wel weg maar het verdriet wordt wel zachter	[0, 0, 0, 0, 0, 0, 0, 0, 0, 0, 0, 0, 1, 0, 0, 0, 0, 1, 0, 0, 0, 0, 0, 0, 0, 0, 1, 0, 0, 0, 0, 0, 0]
3348	@user Nogal rare reactie op een volstrekt legitieme vraag . Dat lijkt namelijk wel het signaal dat de autoriteiten af willen geven . Je hoort uiteraard zulke wilden apart te zetten , niet hun potentiële slachtoffers .	[0, 0, 1, 0, 0, 0, 1, 0, 0, 0, 0, 0, 0, 0, 0, 0, 0, 0, 0, 0, 0, 0, 0, 0, 0, 0, 0, 0, 0, 0, 0, 0, 0, 0, 0, 0, 0]
3744	Oké mensen die in Veldhuizen vuurwerk afsteken : je bent heel stoer dat je het nu al durft maar ik heb een hond die bang is dus plz stop ff alvast bedankt	[0, 0, 0, 0, 0, 0, 1, 0, 0, 0, 0, 0, 0, 0, 1, 0, 0, 0, 0, 0, 0, 1, 0, 0, 0, 0, 0, 1, 0, 0, 0, 0]
3396	De @user Ambachtsgaarde heeft een gezonde lunchpakket gesponsord voor het vader en kind toernooi . Hiernaast hebben zij ook lekkere appelbeignets gesponsord voor jeugd die na afloop van hun rondes in de wijken een lekker warm bakkie chocolade melk kregen met appelbeignets . http	[1, 0, 0, 0, 0, 0, 0, 0, 0, 0, 0, 0, 0, 0, 0, 0, 0, 0, 0, 0, 0, 0, 0, 0, 0, 0, 0, 0, 0, 0, 0, 0, 0, 0, 0, 0, 0, 0, 0, 0, 0, 0, 0, 0]
3818	De @user verspreidt - met name door middel van het # NOSJournaal - dagelijks aan een groot publiek # nepnieuws . Soms door leugens te verkopen , maar veel meer door relevante informatie inzake nieuwsitems te verzwijgen óf relevant nieuws geheel te negeren . http	[0, 0, 0, 0, 0, 0, 0, 0, 0, 0, 0, 0, 0, 1, 0, 0, 0, 0, 0, 0, 0, 0, 0, 0, 0, 0, 0, 0, 0, 0, 0, 0, 0, 0, 0, 0, 0, 0, 0, 0, 0, 0, 0, 0, 0]
3920	@user Dat is precíes wat ik die meiden daarnet ook voorspelde : )	[1, 0, 0, 0, 0, 1, 0, 0, 0, 0, 1, 1, 0]
3635	@user Vergelijkbaar ja . Mijn neef en zijn eega verloren beide kinderen door koolmonoxide in hun studentenwoning . Allemaal even onverwerkbaar , lijkt me .	[1, 0, 0, 0, 0, 1, 0, 0, 0, 0, 0, 0, 1, 1, 0, 0, 0, 0, 0, 0, 0, 0, 0, 0, 0]
4019	Ik ben een beetje overprikkeld . Gelukkig heb ik een enorme nieuwe sjaal waar ik me in kan verstoppen . Beetje zoals Lenny . http	[0, 0, 0, 0, 1, 0, 1, 0, 0, 0, 0, 0, 0, 0, 0, 0, 0, 0, 0, 0, 0, 0, 0, 0, 0]
4221	Дорогие твиттеряне . от всей души поздравляю всех Вас с наступающим Новым годом ! Будьте все здоровы , счастливы и мудры . Желаю Вам всех радостей земных и Разума . Веселой встречи Нового года . С уважением . Я	[1, 0, 0, 0, 0, 0, 0, 0, 0, 0, 0, 0, 0, 0, 0, 1, 1, 0, 0, 0, 1, 0, 0, 0, 0, 0, 0, 0, 0, 0, 0, 0, 0, 0, 0, 0, 0, 0, 0]
4528	@user Или это как твой проект нц , гольф придётся доделывать твоему сыну ) )	[0, 1, 1, 0, 0, 0, 0, 0, 1, 0, 0, 1, 1, 0, 0]
5017	@user Будете плохо себя вести , придёт непременно и в лес позовёт 😇 С Наступающим Вас 🎅	[0, 0, 0, 0, 0, 0, 0, 0, 0, 0, 0, 0, 1, 0, 1, 0, 1]
6442	@user Это называется - Тихо сам с собою я веду бесеееедуууу !	[1, 0, 0, 0, 1, 0, 0, 1, 0, 0, 1, 0]
6295	@user Я сама расстроилась	[0, 1, 1, 1]
5405	С днём рождения мою милую булочку с лягушкой @user 💚 Посылаю тебе миллион лучей любви , добра , позитива и крепко целую в обе щечки и в носик ✨ 🎄 http	[0, 1, 0, 0, 0, 0, 0, 0, 0, 0, 0, 0, 0, 0, 0, 1, 1, 0, 0, 0, 0, 0, 0, 0, 0, 0, 0, 0, 0, 0, 0]
5750	@user Бредишь ты уже , агония и вонь.Гнилое сравнение . Одеколона больше покупай , меченый , а то . . . Бог не зря метит таких как ты . А почему ты не говоришь о зверствах , количестве загубленных душ , сословий и тд . . Бронштейнами , Мовшевичами и тд с 1917 гг ? Может они заслужили все это в 30 гг ?	[0, 0, 0, 0, 0, 0, 0, 0, 0, 0, 0, 0, 0, 0, 0, 0, 0, 0, 0, 0, 0, 0, 0, 0, 0, 0, 0, 0, 0, 0, 0, 0, 0, 0, 0, 0, 0, 0, 1, 0, 0, 0, 0, 0, 0, 0, 0, 0, 0, 0, 0, 0, 0, 0, 0, 0, 0, 0, 0, 0, 0, 0, 0, 0]
5988	этот год не мог закончиться лучше ❤️	[0, 1, 1, 0, 0, 1, 0]
5266	@user Так меня может называть только дизвилс , ибо у нас одни всратки на пару и гении мыслят одинаково , ну или мы просто далбаёбы : D	[0, 0, 0, 0, 0, 0, 0, 0, 0, 0, 0, 0, 0, 0, 0, 0, 0, 1, 0, 1, 0, 0, 0, 0, 0, 0, 0]
4553	почему мать говорит что чанель не красивый у нее что глаза на жопе ? ? ? ? ? ?	[1, 0, 0, 0, 0, 0, 0, 0, 1, 0, 1, 1, 1, 0, 0, 0, 0, 0, 0]
5429	Самое прикольное что после этой детской программы человек 7 закурило	[0, 1, 0, 0, 0, 0, 0, 0, 1, 0]
6555	16 . В прошлом году узнала о такой вещи , как письма твиттерским на новый год Я сделала ОЧЕНЬ много ретвитов конкурсов , выиграла 2 - 3 , но ни одно мне не пришло . вроде не отправили их Получить письма - моя мечта , и спустя год она осуществилась . В этом месяце мне пришло целых 5 писем !	[0, 1, 0, 0, 0, 0, 0, 0, 0, 0, 0, 0, 0, 0, 0, 0, 0, 0, 0, 0, 0, 1, 0, 0, 0, 0, 0, 0, 0, 0, 0, 0, 0, 0, 0, 0, 0, 0, 0, 0, 0, 0, 0, 0, 0, 0, 0, 0, 0, 0, 0, 0, 0, 0, 0, 0, 0, 0, 0, 0]
4086	Мама пишет , ей стало жалко времени на игры . Удар ниже пояса тт _ _ _ тт Надо сходить в крестовый поход домой с Homo Ludens наперевес .	[0, 0, 0, 1, 0, 1, 0, 0, 0, 0, 0, 0, 0, 0, 0, 0, 0, 0, 0, 0, 1, 0, 0, 0, 0, 0, 0, 0, 0]
4250	Начинаем готовиться к Новому году ! Поскольку украшать елку бьющимися игрушками мы не можем себе позволить ) ) ) , . . http	[0, 1, 0, 0, 0, 0, 0, 0, 0, 0, 1, 0, 0, 0, 0, 0, 0, 0, 0, 0, 0, 0, 0]
4795	@user верю в украинцев , если бы не русня , все ок уже было . . . верю в персов , но русня о5 говно подложит . . .	[0, 0, 0, 0, 0, 0, 0, 0, 0, 0, 0, 0, 0, 0, 0, 0, 0, 0, 0, 1, 0, 0, 0, 0, 0, 1, 0, 0, 0]
5384	Вика зая красотка с наступающим очень хочу сходить с тобой в парк погулять и поболтать надеюсь в будущем мы будем больше общаться 🍂 http	[0, 1, 0, 0, 0, 0, 0, 0, 0, 0, 0, 0, 0, 0, 0, 0, 0, 0, 0, 0, 0, 0, 1, 1]
5676	вообще у меня есть парниша тут который может мне купить сиг но после каждой нашей встречи я его по несколько месяцев не хочу видеть с последней встречи прошла неделя только ! !	[0, 0, 0, 0, 0, 0, 0, 0, 1, 0, 0, 0, 0, 0, 0, 0, 1, 0, 0, 0, 0, 0, 0, 0, 0, 0, 0, 0, 0, 0, 0, 0]
5970	Мне понравилось видео В гостях - Enjoy Smoke - Батька Всея Provape ! ( http	[0, 0, 0, 0, 1, 1, 0, 0, 0, 0, 0, 0, 1, 0, 0]
6023	Сижу в зале , ем И так божественно пахнет сосенкой , я прям не могу	[0, 0, 0, 0, 0, 0, 1, 1, 0, 1, 1, 0, 0, 0, 0]
5613	Я преданный поклонник шериарти . А тут это . Понимаете всю боль ситуации да . http	[0, 0, 1, 1, 0, 0, 0, 0, 0, 0, 1, 0, 0, 0, 0, 0]
4384	Пересмотрела в телефоне все фотки за прошедший год Черт , это было так круто ! Невероятный год ! Сложный , нервный , выматывающий . . но такой крутой	[0, 0, 0, 0, 0, 0, 0, 0, 0, 0, 0, 0, 0, 1, 0, 1, 1, 1, 0, 0, 0, 0, 0, 0, 0, 0, 0, 1]
6537	блин аска сегодня не будут нашего марафона ?	[1, 1, 0, 0, 0, 0, 1, 0]
4970	Как кто - то может не нравится из этих сестричек ? Естественно мне по нраву все . Так приятно смотреть на униженное лицо Люцифер . Или же на слёзы Левиафан , когда ту охватывает зависть к своим сестренкам . А как же приятно злить Сатану .	[0, 0, 0, 0, 0, 0, 0, 0, 0, 0, 0, 0, 0, 0, 0, 0, 0, 0, 0, 0, 0, 0, 1, 0, 0, 0, 0, 0, 0, 0, 0, 1, 0, 1, 0, 0, 0, 0, 0, 0, 0, 0, 0, 0, 0, 0]
5502	Каждый ёбаный день в этом Зиккурате пролитых слез Вавилонской башне мертвых идей От которых череда одних черных полос В Колизее нереализованных грёз В клубе одиноких сердец	[0, 1, 1, 1, 1, 0, 0, 0, 0, 0, 0, 0, 0, 0, 0, 0, 0, 0, 0, 0, 0, 0, 0, 0, 0, 0]
5649	скучаю по нашему теплому общению V	[1, 1, 1, 1, 1, 0]
6266	Пол второго ночи . Тишина . Все спят . А у меня в гашетках херачит РАСКАЖИ СНЕГУРОЧКА , ГДЕ БЫЛА ? РАСКАЖИКА МИЛАЯ , КАК ДЕЛА ? ЗА ТОБОЮ БЕГАЛА , ДЕД МОРОЗ . ПРОЛИЛА НЕ МАЛО Я ГОРЬКИХ СЛЕЗ .	[0, 0, 0, 0, 0, 0, 0, 1, 0, 0, 0, 0, 0, 0, 0, 0, 0, 0, 0, 0, 0, 0, 0, 0, 0, 0, 0, 0, 0, 0, 0, 0, 0, 0, 0, 0, 0, 0, 0, 0, 0]
5843	Сейчас все дружненько взяли свои ежедневнички и написали в планах на 2018 год купить мне винчик	[0, 0, 1, 0, 0, 0, 0, 0, 0, 0, 0, 1, 0, 0, 0, 1]
5913	ты стряхивала снежинки со своего пальто входя в кафе что находится на конце города я ждал тебя за столиком понимая что ехать на метро в свой дом теперь бессмысленно потому что как только я посмотрел на тебя услышал фразу которой даже не удивился : это конец . с новым годом . прощай	[0, 0, 0, 0, 0, 0, 0, 0, 0, 0, 0, 0, 0, 0, 0, 1, 0, 0, 0, 0, 0, 0, 0, 0, 0, 0, 0, 0, 0, 0, 0, 0, 0, 0, 0, 0, 0, 0, 0, 0, 0, 0, 0, 0, 0, 1, 0, 0, 0, 0, 0, 0]
4755	Небольшая аналитика из инстаграма : Была в этом году на 24 концертах и 2 фестивалях Впервые увидела в лайве две знаковые для меня группы - adtr и sum41 Влюбилась в on - the - go и cruel tie ( побывала впервые и неоднократно )	[0, 0, 0, 0, 0, 0, 0, 0, 0, 0, 0, 0, 0, 0, 0, 0, 0, 0, 1, 0, 0, 0, 0, 0, 0, 0, 0, 1, 0, 0, 0, 0, 0, 0, 0, 0, 0, 0, 0, 0, 0, 0, 0, 0]
6094	@user Блиииин ты этим твитом мне так меня напоминаешь Боже мооой Да тебя ждёт такой же успех , как меня ахахах	[0, 1, 0, 0, 1, 0, 0, 0, 0, 0, 0, 0, 0, 0, 0, 0, 0, 0, 0, 0, 0]
6465	БЛЯТЬ Я говорила , что ненавижу ездить на машине зимой ? ? ? ! ! ! Вот мы едим Спокойненько * тем временем у меня в мыслях * БЛЯТЬ ВОТ ЩАС ВОТ ЩАС БЛЯТЬ ВЪЕБЕМСЯ КУДАНИБУДЬ НАХУЙ ВСЕ ЖИЗНЬ КОНЧЕНА СПАСИ И СОХРАНИ Сука я на каждом повороте уже мысленно пишу завещание Просто нахуй . И нахуй .	[0, 0, 0, 0, 0, 1, 0, 0, 0, 0, 0, 0, 0, 0, 0, 0, 0, 0, 1, 0, 0, 0, 0, 0, 0, 0, 0, 0, 0, 0, 0, 0, 0, 0, 0, 0, 0, 0, 0, 0, 0, 0, 0, 0, 0, 0, 0, 0, 0, 0, 0, 0, 0, 0, 0, 0, 0, 0]
4116	@user 32 вот 1го января будет ага некоторые наверно до старости будут лелеять , даже со внуками х ) )	[0, 0, 1, 0, 0, 0, 0, 0, 1, 0, 1, 0, 0, 0, 0, 0, 0, 0, 0, 0]
4678	Приснился ужасный сон с мальчиком который мне нравится . . . Почему у меня такое ужасное предчувствие ? !	[0, 1, 0, 0, 0, 0, 1, 1, 0, 0, 0, 0, 0, 0, 0, 0, 0, 0, 0]
6321	@user Получается , что ты нг даже не встретила . . . короч можешь тот год не брать в счет жизни . . . 😜 ❄️	[0, 1, 0, 1, 0, 0, 0, 0, 1, 0, 0, 0, 0, 0, 0, 0, 0, 0, 0, 0, 0, 0, 0, 0, 0, 0]
5867	Только ноют и стонут , когда с ними разговаривают порядочные трудолюбивые люди : Нет работы , нет денег !	[0, 0, 0, 0, 0, 1, 1, 0, 1, 0, 0, 0, 0, 0, 0, 0, 0, 1, 0]
5047	@user ) ) Ну хорошо . В принципе у нас в твиттере цифровой коммунизм , так что лента общественная , с нашими никами .	[1, 0, 0, 0, 1, 0, 1, 0, 0, 0, 0, 0, 0, 0, 0, 0, 0, 0, 0, 1, 1, 0, 0, 0]
6450	щас бы случайно выспаться за 1 , 5 часа вечером , а теперь не мочь уснуть , а завтра вставать в 7 утра ) ) ) ) ) ) ) )	[0, 0, 1, 1, 0, 0, 0, 0, 1, 0, 0, 0, 0, 0, 0, 0, 0, 0, 0, 1, 0, 0, 0, 0, 0, 0, 0, 0, 0, 0, 0]
6089	не заходила в твиттерских уже давно но тут ничего нового снова кто - то не спал сутки кто - то не ел 2 дня кто - то ненавидит себя кто - то скрывает порезы на руках от мамы а кто - то все ещё течёт с корейцев и шутит одни и те же шутки в миллионный раз и это же чьи то настоящие жизни	[0, 0, 0, 0, 0, 0, 0, 0, 0, 0, 0, 0, 0, 0, 0, 0, 0, 0, 0, 0, 0, 0, 0, 0, 0, 0, 0, 0, 0, 0, 0, 0, 0, 0, 0, 0, 0, 0, 0, 0, 0, 0, 0, 0, 0, 0, 0, 0, 0, 1, 0, 0, 0, 0, 0, 0, 0, 0, 0, 0, 0, 0, 0, 0]
6573	Собсна , как и всегда до этого , ибо встречу я в компании своих Муз , конечно 👌 http	[0, 0, 0, 0, 0, 0, 1, 0, 0, 1, 1, 0, 0, 0, 0, 0, 0, 1, 0]
4192	Как же меня заколебали разговоры о том мол ешь больше и так худая , куда тебе худеть и блаблабла , люди , вы серьёзно думаете , что меня ваши слова как - то остановят или я перестану загоняться по поводу своей внешности , пушо вы сказали , что я худая ? ? ? Нет , просто хватит это говорить .	[0, 0, 0, 0, 1, 0, 0, 0, 0, 0, 0, 0, 0, 0, 0, 0, 0, 0, 0, 0, 0, 0, 0, 0, 0, 0, 0, 0, 0, 0, 0, 0, 0, 0, 0, 0, 0, 0, 0, 0, 0, 0, 0, 0, 0, 0, 0, 0, 0, 1, 0, 0, 0, 0, 0, 0, 0, 0, 0, 0]
5666	@user От чего ? Кого бить ?	[0, 1, 1, 0, 0, 1, 0]
4534	Кот # ест суп # из лошки # прикол.смех ) видео . Смотреть ! Юмор . http с помощью @user 	[1, 1, 0, 0, 0, 0, 0, 0, 0, 0, 0, 0, 0, 0, 1, 1, 0, 0, 0, 0, 0]
4404	Ладно проблема в том что мне лень что - либо делать я просто не хочу убираться и готовить	[0, 1, 0, 0, 0, 0, 1, 0, 1, 0, 0, 0, 0, 0, 0, 0, 0, 0]
5774	не игнорьте а насладитесь моими прекрасными снимками	[1, 0, 1, 1, 0, 0, 1]
5051	мама : Поч дома сидишь , ни с кем не гуляешь ? я : * на самом деле , ребята , не болейте в эти совсем не снежные выходные * http	[0, 0, 0, 0, 0, 0, 0, 0, 0, 0, 0, 0, 0, 0, 1, 0, 0, 0, 0, 0, 0, 0, 0, 0, 0, 0, 0, 0, 1, 0, 0]
4796	«Везёт же некоторым , а я чувствую себя как котёнок в магазине , всем нравишься , но никому не нужен»	[0, 0, 0, 0, 0, 0, 0, 0, 0, 0, 0, 0, 0, 0, 0, 0, 0, 0, 1, 1]
5713	К такому жизненному повороту меня кяввм не готовил	[1, 0, 0, 0, 0, 1, 1, 1]
5251	Самый лучший совет за всю жизнь : - проживи как - нибудь : )	[0, 0, 0, 1, 1, 0, 0, 1, 1, 1, 0, 0, 0, 0]
5686	🎄 🎅 # ЮрийКолокольников и # БыкФердинанд поздравляют тебя с наступающим Новым годом ! Оставайся самим собой ! Вдохновляйся сам и вдохновляй весь мир ! И пусть тебя ждет неоБЫКновенный год . http	[0, 1, 0, 0, 0, 0, 1, 0, 0, 0, 0, 0, 0, 0, 0, 0, 0, 0, 0, 0, 0, 0, 0, 0, 0, 0, 0, 0, 0, 0, 0, 0, 0]
4983	От всей души поздравляем наших дорогих клиентов , коллег и друзей с наступающим Новым Годом ! Пусть новый год будет удачным и плодотворным , годом новых возможностей и достижений , благополучия и стабильности , наполненный яркими событиями и добрыми делами . Продолжение . . . http http	[0, 0, 0, 1, 0, 0, 0, 0, 0, 0, 0, 0, 0, 0, 0, 0, 0, 0, 0, 0, 0, 0, 0, 0, 0, 0, 0, 0, 0, 0, 1, 0, 0, 0, 0, 0, 0, 0, 0, 0, 0, 0, 0, 0, 0, 0, 0]